{
  "ABIRoot": {
    "kind": "Root",
    "name": "TopLevel",
    "printedName": "TopLevel",
    "children": [
      {
        "kind": "Import",
        "name": "Foundation",
        "printedName": "Foundation",
        "declKind": "Import",
        "moduleName": "HttpDNS",
        "declAttributes": [
          "RawDocComment"
        ]
      },
      {
        "kind": "Import",
        "name": "Alamofire",
        "printedName": "Alamofire",
        "declKind": "Import",
        "moduleName": "HttpDNS"
      },
      {
        "kind": "Import",
        "name": "Foundation",
        "printedName": "Foundation",
        "declKind": "Import",
        "moduleName": "HttpDNS",
        "declAttributes": [
          "RawDocComment"
        ]
      },
      {
        "kind": "TypeDecl",
        "name": "DNSInfo",
        "printedName": "DNSInfo",
        "children": [
          {
            "kind": "Var",
            "name": "ttl",
            "printedName": "ttl",
            "children": [
              {
                "kind": "TypeNominal",
                "name": "Optional",
                "printedName": "Swift.Int?",
                "children": [
                  {
                    "kind": "TypeNominal",
                    "name": "Int",
                    "printedName": "Swift.Int",
                    "usr": "s:Si"
                  }
                ],
                "usr": "s:Sq"
              }
            ],
            "declKind": "Var",
            "usr": "s:7HttpDNS7DNSInfoV3ttlSiSgvp",
            "mangledName": "$s7HttpDNS7DNSInfoV3ttlSiSgvp",
            "moduleName": "HttpDNS",
            "declAttributes": [
              "HasInitialValue",
              "HasStorage",
              "AccessControl"
            ],
            "hasStorage": true,
            "accessors": [
              {
                "kind": "Accessor",
                "name": "Get",
                "printedName": "Get()",
                "children": [
                  {
                    "kind": "TypeNominal",
                    "name": "Optional",
                    "printedName": "Swift.Int?",
                    "children": [
                      {
                        "kind": "TypeNominal",
                        "name": "Int",
                        "printedName": "Swift.Int",
                        "usr": "s:Si"
                      }
                    ],
                    "usr": "s:Sq"
                  }
                ],
                "declKind": "Accessor",
                "usr": "s:7HttpDNS7DNSInfoV3ttlSiSgvg",
                "mangledName": "$s7HttpDNS7DNSInfoV3ttlSiSgvg",
                "moduleName": "HttpDNS",
                "implicit": true,
                "accessorKind": "get"
              },
              {
                "kind": "Accessor",
                "name": "Set",
                "printedName": "Set()",
                "children": [
                  {
                    "kind": "TypeNominal",
                    "name": "Void",
                    "printedName": "()"
                  },
                  {
                    "kind": "TypeNominal",
                    "name": "Optional",
                    "printedName": "Swift.Int?",
                    "children": [
                      {
                        "kind": "TypeNominal",
                        "name": "Int",
                        "printedName": "Swift.Int",
                        "usr": "s:Si"
                      }
                    ],
                    "usr": "s:Sq"
                  }
                ],
                "declKind": "Accessor",
                "usr": "s:7HttpDNS7DNSInfoV3ttlSiSgvs",
                "mangledName": "$s7HttpDNS7DNSInfoV3ttlSiSgvs",
                "moduleName": "HttpDNS",
                "implicit": true,
                "accessorKind": "set"
              },
              {
                "kind": "Accessor",
                "name": "Modify",
                "printedName": "Modify()",
                "children": [
                  {
                    "kind": "TypeNominal",
                    "name": "Void",
                    "printedName": "()"
                  }
                ],
                "declKind": "Accessor",
                "usr": "s:7HttpDNS7DNSInfoV3ttlSiSgvM",
                "mangledName": "$s7HttpDNS7DNSInfoV3ttlSiSgvM",
                "moduleName": "HttpDNS",
                "implicit": true,
                "accessorKind": "_modify"
              }
            ]
          },
          {
            "kind": "Var",
            "name": "ips",
            "printedName": "ips",
            "children": [
              {
                "kind": "TypeNominal",
                "name": "Array",
                "printedName": "[Swift.String]",
                "children": [
                  {
                    "kind": "TypeNominal",
                    "name": "String",
                    "printedName": "Swift.String",
                    "usr": "s:SS"
                  }
                ],
                "usr": "s:Sa"
              }
            ],
            "declKind": "Var",
            "usr": "s:7HttpDNS7DNSInfoV3ipsSaySSGvp",
            "mangledName": "$s7HttpDNS7DNSInfoV3ipsSaySSGvp",
            "moduleName": "HttpDNS",
            "declAttributes": [
              "HasStorage",
              "AccessControl"
            ],
            "hasStorage": true,
            "accessors": [
              {
                "kind": "Accessor",
                "name": "Get",
                "printedName": "Get()",
                "children": [
                  {
                    "kind": "TypeNominal",
                    "name": "Array",
                    "printedName": "[Swift.String]",
                    "children": [
                      {
                        "kind": "TypeNominal",
                        "name": "String",
                        "printedName": "Swift.String",
                        "usr": "s:SS"
                      }
                    ],
                    "usr": "s:Sa"
                  }
                ],
                "declKind": "Accessor",
                "usr": "s:7HttpDNS7DNSInfoV3ipsSaySSGvg",
                "mangledName": "$s7HttpDNS7DNSInfoV3ipsSaySSGvg",
                "moduleName": "HttpDNS",
                "implicit": true,
                "accessorKind": "get"
              },
              {
                "kind": "Accessor",
                "name": "Set",
                "printedName": "Set()",
                "children": [
                  {
                    "kind": "TypeNominal",
                    "name": "Void",
                    "printedName": "()"
                  },
                  {
                    "kind": "TypeNominal",
                    "name": "Array",
                    "printedName": "[Swift.String]",
                    "children": [
                      {
                        "kind": "TypeNominal",
                        "name": "String",
                        "printedName": "Swift.String",
                        "usr": "s:SS"
                      }
                    ],
                    "usr": "s:Sa"
                  }
                ],
                "declKind": "Accessor",
                "usr": "s:7HttpDNS7DNSInfoV3ipsSaySSGvs",
                "mangledName": "$s7HttpDNS7DNSInfoV3ipsSaySSGvs",
                "moduleName": "HttpDNS",
                "implicit": true,
                "accessorKind": "set"
              },
              {
                "kind": "Accessor",
                "name": "Modify",
                "printedName": "Modify()",
                "children": [
                  {
                    "kind": "TypeNominal",
                    "name": "Void",
                    "printedName": "()"
                  }
                ],
                "declKind": "Accessor",
                "usr": "s:7HttpDNS7DNSInfoV3ipsSaySSGvM",
                "mangledName": "$s7HttpDNS7DNSInfoV3ipsSaySSGvM",
                "moduleName": "HttpDNS",
                "implicit": true,
                "accessorKind": "_modify"
              }
            ]
          },
          {
            "kind": "Var",
            "name": "domain",
            "printedName": "domain",
            "children": [
              {
                "kind": "TypeNominal",
                "name": "String",
                "printedName": "Swift.String",
                "usr": "s:SS"
              }
            ],
            "declKind": "Var",
            "usr": "s:7HttpDNS7DNSInfoV6domainSSvp",
            "mangledName": "$s7HttpDNS7DNSInfoV6domainSSvp",
            "moduleName": "HttpDNS",
            "declAttributes": [
              "HasStorage",
              "AccessControl"
            ],
            "hasStorage": true,
            "accessors": [
              {
                "kind": "Accessor",
                "name": "Get",
                "printedName": "Get()",
                "children": [
                  {
                    "kind": "TypeNominal",
                    "name": "String",
                    "printedName": "Swift.String",
                    "usr": "s:SS"
                  }
                ],
                "declKind": "Accessor",
                "usr": "s:7HttpDNS7DNSInfoV6domainSSvg",
                "mangledName": "$s7HttpDNS7DNSInfoV6domainSSvg",
                "moduleName": "HttpDNS",
                "implicit": true,
                "accessorKind": "get"
              },
              {
                "kind": "Accessor",
                "name": "Set",
                "printedName": "Set()",
                "children": [
                  {
                    "kind": "TypeNominal",
                    "name": "Void",
                    "printedName": "()"
                  },
                  {
                    "kind": "TypeNominal",
                    "name": "String",
                    "printedName": "Swift.String",
                    "usr": "s:SS"
                  }
                ],
                "declKind": "Accessor",
                "usr": "s:7HttpDNS7DNSInfoV6domainSSvs",
                "mangledName": "$s7HttpDNS7DNSInfoV6domainSSvs",
                "moduleName": "HttpDNS",
                "implicit": true,
                "accessorKind": "set"
              },
              {
                "kind": "Accessor",
                "name": "Modify",
                "printedName": "Modify()",
                "children": [
                  {
                    "kind": "TypeNominal",
                    "name": "Void",
                    "printedName": "()"
                  }
                ],
                "declKind": "Accessor",
                "usr": "s:7HttpDNS7DNSInfoV6domainSSvM",
                "mangledName": "$s7HttpDNS7DNSInfoV6domainSSvM",
                "moduleName": "HttpDNS",
                "implicit": true,
                "accessorKind": "_modify"
              }
            ]
          },
          {
            "kind": "Constructor",
            "name": "init",
            "printedName": "init(from:)",
            "children": [
              {
                "kind": "TypeNominal",
                "name": "DNSInfo",
                "printedName": "HttpDNS.DNSInfo",
                "usr": "s:7HttpDNS7DNSInfoV"
              },
              {
                "kind": "TypeNominal",
                "name": "Decoder",
                "printedName": "any Swift.Decoder",
                "usr": "s:s7DecoderP"
              }
            ],
            "declKind": "Constructor",
            "usr": "s:7HttpDNS7DNSInfoV4fromACs7Decoder_p_tKcfc",
            "mangledName": "$s7HttpDNS7DNSInfoV4fromACs7Decoder_p_tKcfc",
            "moduleName": "HttpDNS",
            "declAttributes": [
              "AccessControl"
            ],
            "throwing": true,
            "init_kind": "Designated"
          },
          {
            "kind": "Function",
            "name": "encode",
            "printedName": "encode(to:)",
            "children": [
              {
                "kind": "TypeNominal",
                "name": "Void",
                "printedName": "()"
              },
              {
                "kind": "TypeNominal",
                "name": "Encoder",
                "printedName": "any Swift.Encoder",
                "usr": "s:s7EncoderP"
              }
            ],
            "declKind": "Func",
            "usr": "s:7HttpDNS7DNSInfoV6encode2toys7Encoder_p_tKF",
            "mangledName": "$s7HttpDNS7DNSInfoV6encode2toys7Encoder_p_tKF",
            "moduleName": "HttpDNS",
            "implicit": true,
            "throwing": true,
            "funcSelfKind": "NonMutating"
          },
          {
            "kind": "Var",
            "name": "globalExpireTime",
            "printedName": "globalExpireTime",
            "children": [
              {
                "kind": "TypeNominal",
                "name": "Double",
                "printedName": "Swift.Double",
                "usr": "s:Sd"
              }
            ],
            "declKind": "Var",
            "usr": "s:7HttpDNS7DNSInfoV16globalExpireTimeSdvpZ",
            "mangledName": "$s7HttpDNS7DNSInfoV16globalExpireTimeSdvpZ",
            "moduleName": "HttpDNS",
            "static": true,
            "declAttributes": [
              "AccessControl"
            ],
            "isFromExtension": true,
            "accessors": [
              {
                "kind": "Accessor",
                "name": "Get",
                "printedName": "Get()",
                "children": [
                  {
                    "kind": "TypeNominal",
                    "name": "Double",
                    "printedName": "Swift.Double",
                    "usr": "s:Sd"
                  }
                ],
                "declKind": "Accessor",
                "usr": "s:7HttpDNS7DNSInfoV16globalExpireTimeSdvgZ",
                "mangledName": "$s7HttpDNS7DNSInfoV16globalExpireTimeSdvgZ",
                "moduleName": "HttpDNS",
                "static": true,
                "isFromExtension": true,
                "accessorKind": "get"
              },
              {
                "kind": "Accessor",
                "name": "Set",
                "printedName": "Set()",
                "children": [
                  {
                    "kind": "TypeNominal",
                    "name": "Void",
                    "printedName": "()"
                  },
                  {
                    "kind": "TypeNominal",
                    "name": "Double",
                    "printedName": "Swift.Double",
                    "usr": "s:Sd"
                  }
                ],
                "declKind": "Accessor",
                "usr": "s:7HttpDNS7DNSInfoV16globalExpireTimeSdvsZ",
                "mangledName": "$s7HttpDNS7DNSInfoV16globalExpireTimeSdvsZ",
                "moduleName": "HttpDNS",
                "static": true,
                "isFromExtension": true,
                "accessorKind": "set"
              },
              {
                "kind": "Accessor",
                "name": "Modify",
                "printedName": "Modify()",
                "children": [
                  {
                    "kind": "TypeNominal",
                    "name": "Void",
                    "printedName": "()"
                  }
                ],
                "declKind": "Accessor",
                "usr": "s:7HttpDNS7DNSInfoV16globalExpireTimeSdvMZ",
                "mangledName": "$s7HttpDNS7DNSInfoV16globalExpireTimeSdvMZ",
                "moduleName": "HttpDNS",
                "static": true,
                "implicit": true,
                "isFromExtension": true,
                "accessorKind": "_modify"
              }
            ]
          },
          {
            "kind": "Function",
            "name": "createURLRequest",
            "printedName": "createURLRequest(scheme:path:)",
            "children": [
              {
                "kind": "TypeNominal",
                "name": "Optional",
                "printedName": "Foundation.URLRequest?",
                "children": [
                  {
                    "kind": "TypeNominal",
                    "name": "URLRequest",
                    "printedName": "Foundation.URLRequest",
                    "usr": "s:10Foundation10URLRequestV"
                  }
                ],
                "usr": "s:Sq"
              },
              {
                "kind": "TypeNominal",
                "name": "String",
                "printedName": "Swift.String",
                "usr": "s:SS"
              },
              {
                "kind": "TypeNominal",
                "name": "String",
                "printedName": "Swift.String",
                "usr": "s:SS"
              }
            ],
            "declKind": "Func",
            "usr": "s:7HttpDNS7DNSInfoV16createURLRequest6scheme4path10Foundation0E0VSgSS_SStF",
            "mangledName": "$s7HttpDNS7DNSInfoV16createURLRequest6scheme4path10Foundation0E0VSgSS_SStF",
            "moduleName": "HttpDNS",
            "isFromExtension": true,
            "funcSelfKind": "NonMutating"
          },
          {
            "kind": "Var",
            "name": "isExpired",
            "printedName": "isExpired",
            "children": [
              {
                "kind": "TypeNominal",
                "name": "Bool",
                "printedName": "Swift.Bool",
                "usr": "s:Sb"
              }
            ],
            "declKind": "Var",
            "usr": "s:7HttpDNS7DNSInfoV9isExpiredSbvp",
            "mangledName": "$s7HttpDNS7DNSInfoV9isExpiredSbvp",
            "moduleName": "HttpDNS",
            "isFromExtension": true,
            "accessors": [
              {
                "kind": "Accessor",
                "name": "Get",
                "printedName": "Get()",
                "children": [
                  {
                    "kind": "TypeNominal",
                    "name": "Bool",
                    "printedName": "Swift.Bool",
                    "usr": "s:Sb"
                  }
                ],
                "declKind": "Accessor",
                "usr": "s:7HttpDNS7DNSInfoV9isExpiredSbvg",
                "mangledName": "$s7HttpDNS7DNSInfoV9isExpiredSbvg",
                "moduleName": "HttpDNS",
                "isFromExtension": true,
                "accessorKind": "get"
              }
            ]
          },
          {
            "kind": "Var",
            "name": "expireDate",
            "printedName": "expireDate",
            "children": [
              {
                "kind": "TypeNominal",
                "name": "Date",
                "printedName": "Foundation.Date",
                "usr": "s:10Foundation4DateV"
              }
            ],
            "declKind": "Var",
            "usr": "s:7HttpDNS7DNSInfoV10expireDate10Foundation0E0Vvp",
            "mangledName": "$s7HttpDNS7DNSInfoV10expireDate10Foundation0E0Vvp",
            "moduleName": "HttpDNS",
            "isFromExtension": true,
            "accessors": [
              {
                "kind": "Accessor",
                "name": "Get",
                "printedName": "Get()",
                "children": [
                  {
                    "kind": "TypeNominal",
                    "name": "Date",
                    "printedName": "Foundation.Date",
                    "usr": "s:10Foundation4DateV"
                  }
                ],
                "declKind": "Accessor",
                "usr": "s:7HttpDNS7DNSInfoV10expireDate10Foundation0E0Vvg",
                "mangledName": "$s7HttpDNS7DNSInfoV10expireDate10Foundation0E0Vvg",
                "moduleName": "HttpDNS",
                "isFromExtension": true,
                "accessorKind": "get"
              }
            ]
          },
          {
            "kind": "Function",
            "name": "willNotExpire",
            "printedName": "willNotExpire()",
            "children": [
              {
                "kind": "TypeNominal",
                "name": "Void",
                "printedName": "()"
              }
            ],
            "declKind": "Func",
            "usr": "s:7HttpDNS7DNSInfoV13willNotExpireyyF",
            "mangledName": "$s7HttpDNS7DNSInfoV13willNotExpireyyF",
            "moduleName": "HttpDNS",
            "declAttributes": [
              "Mutating"
            ],
            "isFromExtension": true,
            "funcSelfKind": "Mutating"
          },
          {
            "kind": "Var",
            "name": "ipv4",
            "printedName": "ipv4",
            "children": [
              {
                "kind": "TypeNominal",
                "name": "Optional",
                "printedName": "Swift.String?",
                "children": [
                  {
                    "kind": "TypeNominal",
                    "name": "String",
                    "printedName": "Swift.String",
                    "usr": "s:SS"
                  }
                ],
                "usr": "s:Sq"
              }
            ],
            "declKind": "Var",
            "usr": "s:7HttpDNS7DNSInfoV4ipv4SSSgvp",
            "mangledName": "$s7HttpDNS7DNSInfoV4ipv4SSSgvp",
            "moduleName": "HttpDNS",
            "isFromExtension": true,
            "accessors": [
              {
                "kind": "Accessor",
                "name": "Get",
                "printedName": "Get()",
                "children": [
                  {
                    "kind": "TypeNominal",
                    "name": "Optional",
                    "printedName": "Swift.String?",
                    "children": [
                      {
                        "kind": "TypeNominal",
                        "name": "String",
                        "printedName": "Swift.String",
                        "usr": "s:SS"
                      }
                    ],
                    "usr": "s:Sq"
                  }
                ],
                "declKind": "Accessor",
                "usr": "s:7HttpDNS7DNSInfoV4ipv4SSSgvg",
                "mangledName": "$s7HttpDNS7DNSInfoV4ipv4SSSgvg",
                "moduleName": "HttpDNS",
                "isFromExtension": true,
                "accessorKind": "get"
              }
            ]
          },
          {
            "kind": "Var",
            "name": "ipv6",
            "printedName": "ipv6",
            "children": [
              {
                "kind": "TypeNominal",
                "name": "Optional",
                "printedName": "Swift.String?",
                "children": [
                  {
                    "kind": "TypeNominal",
                    "name": "String",
                    "printedName": "Swift.String",
                    "usr": "s:SS"
                  }
                ],
                "usr": "s:Sq"
              }
            ],
            "declKind": "Var",
            "usr": "s:7HttpDNS7DNSInfoV4ipv6SSSgvp",
            "mangledName": "$s7HttpDNS7DNSInfoV4ipv6SSSgvp",
            "moduleName": "HttpDNS",
            "isFromExtension": true,
            "accessors": [
              {
                "kind": "Accessor",
                "name": "Get",
                "printedName": "Get()",
                "children": [
                  {
                    "kind": "TypeNominal",
                    "name": "Optional",
                    "printedName": "Swift.String?",
                    "children": [
                      {
                        "kind": "TypeNominal",
                        "name": "String",
                        "printedName": "Swift.String",
                        "usr": "s:SS"
                      }
                    ],
                    "usr": "s:Sq"
                  }
                ],
                "declKind": "Accessor",
                "usr": "s:7HttpDNS7DNSInfoV4ipv6SSSgvg",
                "mangledName": "$s7HttpDNS7DNSInfoV4ipv6SSSgvg",
                "moduleName": "HttpDNS",
                "isFromExtension": true,
                "accessorKind": "get"
              }
            ]
          },
          {
            "kind": "Function",
            "name": "switchIpv4",
            "printedName": "switchIpv4(force:)",
            "children": [
              {
                "kind": "TypeNominal",
                "name": "Optional",
                "printedName": "Swift.String?",
                "children": [
                  {
                    "kind": "TypeNominal",
                    "name": "String",
                    "printedName": "Swift.String",
                    "usr": "s:SS"
                  }
                ],
                "usr": "s:Sq"
              },
              {
                "kind": "TypeNominal",
                "name": "Bool",
                "printedName": "Swift.Bool",
                "hasDefaultArg": true,
                "usr": "s:Sb"
              }
            ],
            "declKind": "Func",
            "usr": "s:7HttpDNS7DNSInfoV10switchIpv45forceSSSgSb_tF",
            "mangledName": "$s7HttpDNS7DNSInfoV10switchIpv45forceSSSgSb_tF",
            "moduleName": "HttpDNS",
            "declAttributes": [
              "Mutating"
            ],
            "isFromExtension": true,
            "funcSelfKind": "Mutating"
          },
          {
            "kind": "Function",
            "name": "switchIpv6",
            "printedName": "switchIpv6(force:)",
            "children": [
              {
                "kind": "TypeNominal",
                "name": "Optional",
                "printedName": "Swift.String?",
                "children": [
                  {
                    "kind": "TypeNominal",
                    "name": "String",
                    "printedName": "Swift.String",
                    "usr": "s:SS"
                  }
                ],
                "usr": "s:Sq"
              },
              {
                "kind": "TypeNominal",
                "name": "Bool",
                "printedName": "Swift.Bool",
                "hasDefaultArg": true,
                "usr": "s:Sb"
              }
            ],
            "declKind": "Func",
            "usr": "s:7HttpDNS7DNSInfoV10switchIpv65forceSSSgSb_tF",
            "mangledName": "$s7HttpDNS7DNSInfoV10switchIpv65forceSSSgSb_tF",
            "moduleName": "HttpDNS",
            "declAttributes": [
              "Mutating"
            ],
            "isFromExtension": true,
            "funcSelfKind": "Mutating"
          }
        ],
        "declKind": "Struct",
        "usr": "s:7HttpDNS7DNSInfoV",
        "mangledName": "$s7HttpDNS7DNSInfoV",
        "moduleName": "HttpDNS",
        "declAttributes": [
          "AccessControl",
          "RawDocComment"
        ],
        "conformances": [
          {
            "kind": "Conformance",
            "name": "Decodable",
            "printedName": "Decodable",
            "usr": "s:Se",
            "mangledName": "$sSe"
          },
          {
            "kind": "Conformance",
            "name": "Encodable",
            "printedName": "Encodable",
            "usr": "s:SE",
            "mangledName": "$sSE"
          }
        ]
      },
      {
        "kind": "Import",
        "name": "Foundation",
        "printedName": "Foundation",
        "declKind": "Import",
        "moduleName": "HttpDNS",
        "declAttributes": [
          "RawDocComment"
        ]
      },
      {
        "kind": "Import",
        "name": "Combine",
        "printedName": "Combine",
        "declKind": "Import",
        "moduleName": "HttpDNS"
      },
      {
        "kind": "Import",
        "name": "Alamofire",
        "printedName": "Alamofire",
        "declKind": "Import",
        "moduleName": "HttpDNS"
      },
      {
        "kind": "Import",
        "name": "AWSCore",
        "printedName": "AWSCore",
        "declKind": "Import",
        "moduleName": "HttpDNS"
      },
      {
        "kind": "Import",
        "name": "CommonCrypto",
        "printedName": "CommonCrypto",
        "declKind": "Import",
        "moduleName": "HttpDNS"
      },
      {
        "kind": "TypeDecl",
        "name": "HttpDNSFetcherDelegate",
        "printedName": "HttpDNSFetcherDelegate",
        "children": [
          {
            "kind": "Function",
            "name": "dnsParseDidSuccess",
            "printedName": "dnsParseDidSuccess(domain:costTime:)",
            "children": [
              {
                "kind": "TypeNominal",
                "name": "Void",
                "printedName": "()"
              },
              {
                "kind": "TypeNominal",
                "name": "String",
                "printedName": "Swift.String",
                "usr": "s:SS"
              },
              {
                "kind": "TypeNominal",
                "name": "Double",
                "printedName": "Swift.Double",
                "usr": "s:Sd"
              }
            ],
            "declKind": "Func",
            "usr": "s:7HttpDNS0A18DNSFetcherDelegateP18dnsParseDidSuccess6domain8costTimeySS_SdtF",
            "mangledName": "$s7HttpDNS0A18DNSFetcherDelegateP18dnsParseDidSuccess6domain8costTimeySS_SdtF",
            "moduleName": "HttpDNS",
            "genericSig": "<τ_0_0 where τ_0_0 : HttpDNS.HttpDNSFetcherDelegate>",
            "sugared_genericSig": "<Self where Self : HttpDNS.HttpDNSFetcherDelegate>",
            "protocolReq": true,
            "reqNewWitnessTableEntry": true,
            "funcSelfKind": "NonMutating"
          },
          {
            "kind": "Function",
            "name": "dnsParseDidFail",
            "printedName": "dnsParseDidFail(domain:error:extraMessage:)",
            "children": [
              {
                "kind": "TypeNominal",
                "name": "Void",
                "printedName": "()"
              },
              {
                "kind": "TypeNominal",
                "name": "String",
                "printedName": "Swift.String",
                "usr": "s:SS"
              },
              {
                "kind": "TypeNominal",
                "name": "Error",
                "printedName": "any Swift.Error",
                "usr": "s:s5ErrorP"
              },
              {
                "kind": "TypeNominal",
                "name": "Optional",
                "printedName": "Swift.String?",
                "children": [
                  {
                    "kind": "TypeNominal",
                    "name": "String",
                    "printedName": "Swift.String",
                    "usr": "s:SS"
                  }
                ],
                "usr": "s:Sq"
              }
            ],
            "declKind": "Func",
            "usr": "s:7HttpDNS0A18DNSFetcherDelegateP15dnsParseDidFail6domain5error12extraMessageySS_s5Error_pSSSgtF",
            "mangledName": "$s7HttpDNS0A18DNSFetcherDelegateP15dnsParseDidFail6domain5error12extraMessageySS_s5Error_pSSSgtF",
            "moduleName": "HttpDNS",
            "genericSig": "<τ_0_0 where τ_0_0 : HttpDNS.HttpDNSFetcherDelegate>",
            "sugared_genericSig": "<Self where Self : HttpDNS.HttpDNSFetcherDelegate>",
            "protocolReq": true,
            "reqNewWitnessTableEntry": true,
            "funcSelfKind": "NonMutating"
          }
        ],
        "declKind": "Protocol",
        "usr": "s:7HttpDNS0A18DNSFetcherDelegateP",
        "mangledName": "$s7HttpDNS0A18DNSFetcherDelegateP",
        "moduleName": "HttpDNS",
        "genericSig": "<τ_0_0 : AnyObject>",
        "sugared_genericSig": "<Self : AnyObject>",
        "declAttributes": [
          "AccessControl"
        ]
      },
      {
        "kind": "TypeDecl",
        "name": "HttpDNSFetcher",
        "printedName": "HttpDNSFetcher",
        "children": [
          {
            "kind": "Function",
            "name": "preload",
            "printedName": "preload(domains:)",
            "children": [
              {
                "kind": "TypeNominal",
                "name": "Void",
                "printedName": "()"
              },
              {
                "kind": "TypeNominal",
                "name": "Array",
                "printedName": "[Swift.String]",
                "children": [
                  {
                    "kind": "TypeNominal",
                    "name": "String",
                    "printedName": "Swift.String",
                    "usr": "s:SS"
                  }
                ],
                "usr": "s:Sa"
              }
            ],
            "declKind": "Func",
            "usr": "s:7HttpDNS0A10DNSFetcherC7preload7domainsySaySSG_tF",
            "mangledName": "$s7HttpDNS0A10DNSFetcherC7preload7domainsySaySSG_tF",
            "moduleName": "HttpDNS",
            "declAttributes": [
              "AccessControl"
            ],
            "funcSelfKind": "NonMutating"
          },
          {
            "kind": "Function",
            "name": "setDNSServer",
            "printedName": "setDNSServer(urls:)",
            "children": [
              {
                "kind": "TypeNominal",
                "name": "Void",
                "printedName": "()"
              },
              {
                "kind": "TypeNominal",
                "name": "Array",
                "printedName": "[Swift.String]",
                "children": [
                  {
                    "kind": "TypeNominal",
                    "name": "String",
                    "printedName": "Swift.String",
                    "usr": "s:SS"
                  }
                ],
                "usr": "s:Sa"
              }
            ],
            "declKind": "Func",
            "usr": "s:7HttpDNS0A10DNSFetcherC12setDNSServer4urlsySaySSG_tF",
            "mangledName": "$s7HttpDNS0A10DNSFetcherC12setDNSServer4urlsySaySSG_tF",
            "moduleName": "HttpDNS",
            "declAttributes": [
              "AccessControl"
            ],
            "funcSelfKind": "NonMutating"
          },
          {
            "kind": "Function",
            "name": "setDNSFetchTimeout",
            "printedName": "setDNSFetchTimeout(_:)",
            "children": [
              {
                "kind": "TypeNominal",
                "name": "Void",
                "printedName": "()"
              },
              {
                "kind": "TypeNominal",
                "name": "Double",
                "printedName": "Swift.Double",
                "usr": "s:Sd"
              }
            ],
            "declKind": "Func",
            "usr": "s:7HttpDNS0A10DNSFetcherC18setDNSFetchTimeoutyySdF",
            "mangledName": "$s7HttpDNS0A10DNSFetcherC18setDNSFetchTimeoutyySdF",
            "moduleName": "HttpDNS",
            "declAttributes": [
              "AccessControl"
            ],
            "funcSelfKind": "NonMutating"
          },
          {
            "kind": "Function",
            "name": "refresh",
            "printedName": "refresh(domain:force:)",
            "children": [
              {
                "kind": "TypeNominal",
                "name": "Void",
                "printedName": "()"
              },
              {
                "kind": "TypeNominal",
                "name": "String",
                "printedName": "Swift.String",
                "usr": "s:SS"
              },
              {
                "kind": "TypeNominal",
                "name": "Bool",
                "printedName": "Swift.Bool",
                "hasDefaultArg": true,
                "usr": "s:Sb"
              }
            ],
            "declKind": "Func",
            "usr": "s:7HttpDNS0A10DNSFetcherC7refresh6domain5forceySS_SbtF",
            "mangledName": "$s7HttpDNS0A10DNSFetcherC7refresh6domain5forceySS_SbtF",
            "moduleName": "HttpDNS",
            "declAttributes": [
              "AccessControl"
            ],
            "funcSelfKind": "NonMutating"
          },
          {
            "kind": "Function",
            "name": "syncRefresh",
            "printedName": "syncRefresh(domains:timeout:)",
            "children": [
              {
                "kind": "TypeNominal",
                "name": "Optional",
                "printedName": "[HttpDNS.DNSInfo]?",
                "children": [
                  {
                    "kind": "TypeNominal",
                    "name": "Array",
                    "printedName": "[HttpDNS.DNSInfo]",
                    "children": [
                      {
                        "kind": "TypeNominal",
                        "name": "DNSInfo",
                        "printedName": "HttpDNS.DNSInfo",
                        "usr": "s:7HttpDNS7DNSInfoV"
                      }
                    ],
                    "usr": "s:Sa"
                  }
                ],
                "usr": "s:Sq"
              },
              {
                "kind": "TypeNominal",
                "name": "Array",
                "printedName": "[Swift.String]",
                "children": [
                  {
                    "kind": "TypeNominal",
                    "name": "String",
                    "printedName": "Swift.String",
                    "usr": "s:SS"
                  }
                ],
                "usr": "s:Sa"
              },
              {
                "kind": "TypeNominal",
                "name": "Double",
                "printedName": "Swift.Double",
                "hasDefaultArg": true,
                "usr": "s:Sd"
              }
            ],
            "declKind": "Func",
            "usr": "s:7HttpDNS0A10DNSFetcherC11syncRefresh7domains7timeoutSayAA7DNSInfoVGSgSaySSG_SdtF",
            "mangledName": "$s7HttpDNS0A10DNSFetcherC11syncRefresh7domains7timeoutSayAA7DNSInfoVGSgSaySSG_SdtF",
            "moduleName": "HttpDNS",
            "declAttributes": [
              "AccessControl"
            ],
            "funcSelfKind": "NonMutating"
          },
          {
            "kind": "Var",
            "name": "delegate",
            "printedName": "delegate",
            "children": [
              {
                "kind": "TypeNominal",
                "name": "WeakStorage",
                "printedName": "(any HttpDNS.HttpDNSFetcherDelegate)?"
              }
            ],
            "declKind": "Var",
            "usr": "s:7HttpDNS0A10DNSFetcherC8delegateAA0aC8Delegate_pSgvp",
            "mangledName": "$s7HttpDNS0A10DNSFetcherC8delegateAA0aC8Delegate_pSgvp",
            "moduleName": "HttpDNS",
            "declAttributes": [
              "HasInitialValue",
              "HasStorage",
              "ReferenceOwnership",
              "AccessControl"
            ],
            "ownership": 1,
            "hasStorage": true,
            "accessors": [
              {
                "kind": "Accessor",
                "name": "Get",
                "printedName": "Get()",
                "children": [
                  {
                    "kind": "TypeNominal",
                    "name": "Optional",
                    "printedName": "(any HttpDNS.HttpDNSFetcherDelegate)?",
                    "children": [
                      {
                        "kind": "TypeNominal",
                        "name": "HttpDNSFetcherDelegate",
                        "printedName": "any HttpDNS.HttpDNSFetcherDelegate",
                        "usr": "s:7HttpDNS0A18DNSFetcherDelegateP"
                      }
                    ],
                    "usr": "s:Sq"
                  }
                ],
                "declKind": "Accessor",
                "usr": "s:7HttpDNS0A10DNSFetcherC8delegateAA0aC8Delegate_pSgvg",
                "mangledName": "$s7HttpDNS0A10DNSFetcherC8delegateAA0aC8Delegate_pSgvg",
                "moduleName": "HttpDNS",
                "implicit": true,
                "accessorKind": "get"
              },
              {
                "kind": "Accessor",
                "name": "Set",
                "printedName": "Set()",
                "children": [
                  {
                    "kind": "TypeNominal",
                    "name": "Void",
                    "printedName": "()"
                  },
                  {
                    "kind": "TypeNominal",
                    "name": "Optional",
                    "printedName": "(any HttpDNS.HttpDNSFetcherDelegate)?",
                    "children": [
                      {
                        "kind": "TypeNominal",
                        "name": "HttpDNSFetcherDelegate",
                        "printedName": "any HttpDNS.HttpDNSFetcherDelegate",
                        "usr": "s:7HttpDNS0A18DNSFetcherDelegateP"
                      }
                    ],
                    "usr": "s:Sq"
                  }
                ],
                "declKind": "Accessor",
                "usr": "s:7HttpDNS0A10DNSFetcherC8delegateAA0aC8Delegate_pSgvs",
                "mangledName": "$s7HttpDNS0A10DNSFetcherC8delegateAA0aC8Delegate_pSgvs",
                "moduleName": "HttpDNS",
                "implicit": true,
                "accessorKind": "set"
              },
              {
                "kind": "Accessor",
                "name": "Modify",
                "printedName": "Modify()",
                "children": [
                  {
                    "kind": "TypeNominal",
                    "name": "Void",
                    "printedName": "()"
                  }
                ],
                "declKind": "Accessor",
                "usr": "s:7HttpDNS0A10DNSFetcherC8delegateAA0aC8Delegate_pSgvM",
                "mangledName": "$s7HttpDNS0A10DNSFetcherC8delegateAA0aC8Delegate_pSgvM",
                "moduleName": "HttpDNS",
                "implicit": true,
                "accessorKind": "_modify"
              }
            ]
          },
          {
            "kind": "Var",
            "name": "allCachedDNSInfo",
            "printedName": "allCachedDNSInfo",
            "children": [
              {
                "kind": "TypeNominal",
                "name": "Dictionary",
                "printedName": "[Swift.String : HttpDNS.DNSInfo]",
                "children": [
                  {
                    "kind": "TypeNominal",
                    "name": "String",
                    "printedName": "Swift.String",
                    "usr": "s:SS"
                  },
                  {
                    "kind": "TypeNominal",
                    "name": "DNSInfo",
                    "printedName": "HttpDNS.DNSInfo",
                    "usr": "s:7HttpDNS7DNSInfoV"
                  }
                ],
                "usr": "s:SD"
              }
            ],
            "declKind": "Var",
            "usr": "s:7HttpDNS0A10DNSFetcherC16allCachedDNSInfoSDySSAA0F0VGvp",
            "mangledName": "$s7HttpDNS0A10DNSFetcherC16allCachedDNSInfoSDySSAA0F0VGvp",
            "moduleName": "HttpDNS",
            "declAttributes": [
              "AccessControl"
            ],
            "accessors": [
              {
                "kind": "Accessor",
                "name": "Get",
                "printedName": "Get()",
                "children": [
                  {
                    "kind": "TypeNominal",
                    "name": "Dictionary",
                    "printedName": "[Swift.String : HttpDNS.DNSInfo]",
                    "children": [
                      {
                        "kind": "TypeNominal",
                        "name": "String",
                        "printedName": "Swift.String",
                        "usr": "s:SS"
                      },
                      {
                        "kind": "TypeNominal",
                        "name": "DNSInfo",
                        "printedName": "HttpDNS.DNSInfo",
                        "usr": "s:7HttpDNS7DNSInfoV"
                      }
                    ],
                    "usr": "s:SD"
                  }
                ],
                "declKind": "Accessor",
                "usr": "s:7HttpDNS0A10DNSFetcherC16allCachedDNSInfoSDySSAA0F0VGvg",
                "mangledName": "$s7HttpDNS0A10DNSFetcherC16allCachedDNSInfoSDySSAA0F0VGvg",
                "moduleName": "HttpDNS",
                "accessorKind": "get"
              }
            ]
          },
          {
            "kind": "Function",
            "name": "getCachedDNSInfo",
            "printedName": "getCachedDNSInfo(for:)",
            "children": [
              {
                "kind": "TypeNominal",
                "name": "Optional",
                "printedName": "HttpDNS.DNSInfo?",
                "children": [
                  {
                    "kind": "TypeNominal",
                    "name": "DNSInfo",
                    "printedName": "HttpDNS.DNSInfo",
                    "usr": "s:7HttpDNS7DNSInfoV"
                  }
                ],
                "usr": "s:Sq"
              },
              {
                "kind": "TypeNominal",
                "name": "String",
                "printedName": "Swift.String",
                "usr": "s:SS"
              }
            ],
            "declKind": "Func",
            "usr": "s:7HttpDNS0A10DNSFetcherC16getCachedDNSInfo3forAA0F0VSgSS_tF",
            "mangledName": "$s7HttpDNS0A10DNSFetcherC16getCachedDNSInfo3forAA0F0VSgSS_tF",
            "moduleName": "HttpDNS",
            "declAttributes": [
              "AccessControl"
            ],
            "funcSelfKind": "NonMutating"
          },
          {
            "kind": "Constructor",
            "name": "init",
            "printedName": "init(identifier:queue:callbackQueue:)",
            "children": [
              {
                "kind": "TypeNominal",
                "name": "HttpDNSFetcher",
                "printedName": "HttpDNS.HttpDNSFetcher",
                "usr": "s:7HttpDNS0A10DNSFetcherC"
              },
              {
                "kind": "TypeNominal",
                "name": "String",
                "printedName": "Swift.String",
                "usr": "s:SS"
              },
              {
                "kind": "TypeNominal",
                "name": "Optional",
                "printedName": "Dispatch.DispatchQueue?",
                "children": [
                  {
                    "kind": "TypeNominal",
                    "name": "DispatchQueue",
                    "printedName": "Dispatch.DispatchQueue",
                    "usr": "c:objc(cs)OS_dispatch_queue"
                  }
                ],
                "hasDefaultArg": true,
                "usr": "s:Sq"
              },
              {
                "kind": "TypeNominal",
                "name": "Optional",
                "printedName": "Dispatch.DispatchQueue?",
                "children": [
                  {
                    "kind": "TypeNominal",
                    "name": "DispatchQueue",
                    "printedName": "Dispatch.DispatchQueue",
                    "usr": "c:objc(cs)OS_dispatch_queue"
                  }
                ],
                "hasDefaultArg": true,
                "usr": "s:Sq"
              }
            ],
            "declKind": "Constructor",
            "usr": "s:7HttpDNS0A10DNSFetcherC10identifier5queue13callbackQueueACSS_So012OS_dispatch_E0CSgAItcfc",
            "mangledName": "$s7HttpDNS0A10DNSFetcherC10identifier5queue13callbackQueueACSS_So012OS_dispatch_E0CSgAItcfc",
            "moduleName": "HttpDNS",
            "declAttributes": [
              "AccessControl"
            ],
            "init_kind": "Designated"
          },
          {
            "kind": "Function",
            "name": "publisherForDNSInfos",
            "printedName": "publisherForDNSInfos()",
            "children": [
              {
                "kind": "TypeNominal",
                "name": "AnyPublisher",
                "printedName": "Combine.AnyPublisher<[HttpDNS.DNSInfo], Swift.Never>",
                "children": [
                  {
                    "kind": "TypeNominal",
                    "name": "Array",
                    "printedName": "[HttpDNS.DNSInfo]",
                    "children": [
                      {
                        "kind": "TypeNominal",
                        "name": "DNSInfo",
                        "printedName": "HttpDNS.DNSInfo",
                        "usr": "s:7HttpDNS7DNSInfoV"
                      }
                    ],
                    "usr": "s:Sa"
                  },
                  {
                    "kind": "TypeNominal",
                    "name": "Never",
                    "printedName": "Swift.Never",
                    "usr": "s:s5NeverO"
                  }
                ],
                "usr": "s:7Combine12AnyPublisherV"
              }
            ],
            "declKind": "Func",
            "usr": "s:7HttpDNS0A10DNSFetcherC20publisherForDNSInfos7Combine12AnyPublisherVySayAA7DNSInfoVGs5NeverOGyF",
            "mangledName": "$s7HttpDNS0A10DNSFetcherC20publisherForDNSInfos7Combine12AnyPublisherVySayAA7DNSInfoVGs5NeverOGyF",
            "moduleName": "HttpDNS",
            "declAttributes": [
              "AccessControl"
            ],
            "funcSelfKind": "NonMutating"
          }
        ],
        "declKind": "Class",
        "usr": "s:7HttpDNS0A10DNSFetcherC",
        "mangledName": "$s7HttpDNS0A10DNSFetcherC",
        "moduleName": "HttpDNS",
        "declAttributes": [
          "AccessControl"
        ]
      },
      {
        "kind": "Import",
        "name": "Foundation",
        "printedName": "Foundation",
        "declKind": "Import",
        "moduleName": "HttpDNS",
        "declAttributes": [
          "RawDocComment"
        ]
      },
      {
        "kind": "TypeDecl",
        "name": "HttpDNSLog",
        "printedName": "HttpDNSLog",
        "children": [
          {
            "kind": "Var",
            "name": "enabled",
            "printedName": "enabled",
            "children": [
              {
                "kind": "TypeNominal",
                "name": "Bool",
                "printedName": "Swift.Bool",
                "usr": "s:Sb"
              }
            ],
            "declKind": "Var",
            "usr": "s:7HttpDNS0A6DNSLogV7enabledSbvpZ",
            "mangledName": "$s7HttpDNS0A6DNSLogV7enabledSbvpZ",
            "moduleName": "HttpDNS",
            "static": true,
            "declAttributes": [
              "HasInitialValue",
              "HasStorage",
              "AccessControl"
            ],
            "hasStorage": true,
            "accessors": [
              {
                "kind": "Accessor",
                "name": "Get",
                "printedName": "Get()",
                "children": [
                  {
                    "kind": "TypeNominal",
                    "name": "Bool",
                    "printedName": "Swift.Bool",
                    "usr": "s:Sb"
                  }
                ],
                "declKind": "Accessor",
                "usr": "s:7HttpDNS0A6DNSLogV7enabledSbvgZ",
                "mangledName": "$s7HttpDNS0A6DNSLogV7enabledSbvgZ",
                "moduleName": "HttpDNS",
                "static": true,
                "implicit": true,
                "accessorKind": "get"
              },
              {
                "kind": "Accessor",
                "name": "Set",
                "printedName": "Set()",
                "children": [
                  {
                    "kind": "TypeNominal",
                    "name": "Void",
                    "printedName": "()"
                  },
                  {
                    "kind": "TypeNominal",
                    "name": "Bool",
                    "printedName": "Swift.Bool",
                    "usr": "s:Sb"
                  }
                ],
                "declKind": "Accessor",
                "usr": "s:7HttpDNS0A6DNSLogV7enabledSbvsZ",
                "mangledName": "$s7HttpDNS0A6DNSLogV7enabledSbvsZ",
                "moduleName": "HttpDNS",
                "static": true,
                "implicit": true,
                "accessorKind": "set"
              },
              {
                "kind": "Accessor",
                "name": "Modify",
                "printedName": "Modify()",
                "children": [
                  {
                    "kind": "TypeNominal",
                    "name": "Void",
                    "printedName": "()"
                  }
                ],
                "declKind": "Accessor",
                "usr": "s:7HttpDNS0A6DNSLogV7enabledSbvMZ",
                "mangledName": "$s7HttpDNS0A6DNSLogV7enabledSbvMZ",
                "moduleName": "HttpDNS",
                "static": true,
                "implicit": true,
                "accessorKind": "_modify"
              }
            ]
          }
        ],
        "declKind": "Struct",
        "usr": "s:7HttpDNS0A6DNSLogV",
        "mangledName": "$s7HttpDNS0A6DNSLogV",
        "moduleName": "HttpDNS",
        "declAttributes": [
          "AccessControl"
        ]
      }
    ],
    "json_format_version": 8
  },
  "ConstValues": [
    {
      "filePath": "\/Users\/kensou\/Code\/HttpDNS\/HttpDNS\/Classes\/DNSInfo.swift",
      "kind": "IntegerLiteral",
      "offset": 279,
      "length": 2,
      "value": "30"
    },
    {
      "filePath": "\/Users\/kensou\/Code\/HttpDNS\/HttpDNS\/Classes\/DNSInfo.swift",
      "kind": "IntegerLiteral",
      "offset": 284,
      "length": 2,
      "value": "60"
    },
    {
      "filePath": "\/Users\/kensou\/Code\/HttpDNS\/HttpDNS\/Classes\/DNSInfo.swift",
      "kind": "IntegerLiteral",
      "offset": 556,
      "length": 1,
      "value": "0"
    },
    {
      "filePath": "\/Users\/kensou\/Code\/HttpDNS\/HttpDNS\/Classes\/DNSInfo.swift",
      "kind": "BooleanLiteral",
      "offset": 2516,
      "length": 4,
      "value": "true"
    },
    {
      "filePath": "\/Users\/kensou\/Code\/HttpDNS\/HttpDNS\/Classes\/DNSInfo.swift",
      "kind": "BooleanLiteral",
      "offset": 2677,
      "length": 4,
      "value": "true"
    },
    {
      "filePath": "\/Users\/kensou\/Code\/HttpDNS\/HttpDNS\/Classes\/HttpDNSFetcher.swift",
      "kind": "BooleanLiteral",
      "offset": 846,
      "length": 4,
      "value": "true"
    },
    {
      "filePath": "\/Users\/kensou\/Code\/HttpDNS\/HttpDNS\/Classes\/HttpDNSFetcher.swift",
      "kind": "IntegerLiteral",
      "offset": 974,
      "length": 2,
      "value": "30"
    },
    {
      "filePath": "\/Users\/kensou\/Code\/HttpDNS\/HttpDNS\/Classes\/HttpDNSFetcher.swift",
      "kind": "Dictionary",
      "offset": 1216,
      "length": 3,
      "value": "[]"
    },
    {
      "filePath": "\/Users\/kensou\/Code\/HttpDNS\/HttpDNS\/Classes\/HttpDNSFetcher.swift",
      "kind": "Array",
      "offset": 2297,
      "length": 105,
      "value": "[\"https:\/\/52.223.29.205\", \"https:\/\/99.83.209.33\", \"https:\/\/103.150.251.71\"]"
    },
    {
      "filePath": "\/Users\/kensou\/Code\/HttpDNS\/HttpDNS\/Classes\/HttpDNSFetcher.swift",
      "kind": "StringLiteral",
      "offset": 2443,
      "length": 34,
      "value": "\"TX14MLG8Natm31zkswJZYTZ9oZVbyW06\""
    },
    {
      "filePath": "\/Users\/kensou\/Code\/HttpDNS\/HttpDNS\/Classes\/HttpDNSFetcher.swift",
      "kind": "BooleanLiteral",
      "offset": 3409,
      "length": 5,
      "value": "false"
    },
    {
      "filePath": "\/Users\/kensou\/Code\/HttpDNS\/HttpDNS\/Classes\/HttpDNSFetcher.swift",
      "kind": "Dictionary",
      "offset": 3428,
      "length": 3,
      "value": "[]"
    },
    {
      "filePath": "\/Users\/kensou\/Code\/HttpDNS\/HttpDNS\/Classes\/HttpDNSFetcher.swift",
      "kind": "IntegerLiteral",
      "offset": 3598,
      "length": 2,
      "value": "20"
    },
    {
      "filePath": "\/Users\/kensou\/Code\/HttpDNS\/HttpDNS\/Classes\/HttpDNSLog.swift",
      "kind": "BooleanLiteral",
      "offset": 124,
      "length": 5,
      "value": "false"
    }
  ]
}