{
  "ABIRoot": {
    "kind": "Root",
    "name": "TopLevel",
    "printedName": "TopLevel",
    "children": [
      {
        "kind": "Import",
        "name": "Foundation",
        "printedName": "Foundation",
        "declKind": "Import",
        "moduleName": "IPDetectTool",
        "declAttributes": [
          "RawDocComment"
        ]
      },
      {
        "kind": "Import",
        "name": "Foundation",
        "printedName": "Foundation",
        "declKind": "Import",
        "moduleName": "IPDetectTool"
      },
      {
        "kind": "Import",
        "name": "CocoaAsyncSocket",
        "printedName": "CocoaAsyncSocket",
        "declKind": "Import",
        "moduleName": "IPDetectTool"
      },
      {
        "kind": "Import",
        "name": "Combine",
        "printedName": "Combine",
        "declKind": "Import",
        "moduleName": "IPDetectTool"
      },
      {
        "kind": "Import",
        "name": "KSLogger",
        "printedName": "KSLogger",
        "declKind": "Import",
        "moduleName": "IPDetectTool"
      },
      {
        "kind": "TypeDecl",
        "name": "IPDetectorDelegate",
        "printedName": "IPDetectorDelegate",
        "children": [
          {
            "kind": "Function",
            "name": "ip",
            "printedName": "ip(detector:didFinish:)",
            "children": [
              {
                "kind": "TypeNominal",
                "name": "Void",
                "printedName": "()"
              },
              {
                "kind": "TypeNominal",
                "name": "IPDetector",
                "printedName": "IPDetectTool.IPDetector",
                "usr": "s:12IPDetectTool10IPDetectorC"
              },
              {
                "kind": "TypeNominal",
                "name": "Result",
                "printedName": "Swift.Result<Swift.String, Swift.Error>",
                "children": [
                  {
                    "kind": "TypeNominal",
                    "name": "String",
                    "printedName": "Swift.String",
                    "usr": "s:SS"
                  },
                  {
                    "kind": "TypeNominal",
                    "name": "Error",
                    "printedName": "Swift.Error",
                    "usr": "s:s5ErrorP"
                  }
                ],
                "usr": "s:s6ResultO"
              }
            ],
            "declKind": "Func",
            "usr": "s:12IPDetectTool18IPDetectorDelegateP2ip8detector9didFinishyAA0C0C_s6ResultOySSs5Error_pGtF",
            "mangledName": "$s12IPDetectTool18IPDetectorDelegateP2ip8detector9didFinishyAA0C0C_s6ResultOySSs5Error_pGtF",
            "moduleName": "IPDetectTool",
            "genericSig": "<τ_0_0 where τ_0_0 : IPDetectTool.IPDetectorDelegate>",
            "sugared_genericSig": "<Self where Self : IPDetectTool.IPDetectorDelegate>",
            "protocolReq": true,
            "reqNewWitnessTableEntry": true,
            "funcSelfKind": "NonMutating"
          }
        ],
        "declKind": "Protocol",
        "usr": "s:12IPDetectTool18IPDetectorDelegateP",
        "mangledName": "$s12IPDetectTool18IPDetectorDelegateP",
        "moduleName": "IPDetectTool",
        "genericSig": "<τ_0_0 : AnyObject>",
        "sugared_genericSig": "<Self : AnyObject>",
        "declAttributes": [
          "AccessControl"
        ]
      },
      {
        "kind": "TypeDecl",
        "name": "IPDetector",
        "printedName": "IPDetector",
        "children": [
          {
            "kind": "Var",
            "name": "delegate",
            "printedName": "delegate",
            "children": [
              {
                "kind": "TypeNominal",
                "name": "WeakStorage",
                "printedName": "IPDetectTool.IPDetectorDelegate?"
              }
            ],
            "declKind": "Var",
            "usr": "s:12IPDetectTool10IPDetectorC8delegateAA0C8Delegate_pSgvp",
            "mangledName": "$s12IPDetectTool10IPDetectorC8delegateAA0C8Delegate_pSgvp",
            "moduleName": "IPDetectTool",
            "declAttributes": [
              "HasInitialValue",
              "HasStorage",
              "ReferenceOwnership",
              "AccessControl"
            ],
            "ownership": 1,
            "hasStorage": true,
            "accessors": [
              {
                "kind": "Accessor",
                "name": "Get",
                "printedName": "Get()",
                "children": [
                  {
                    "kind": "TypeNominal",
                    "name": "Optional",
                    "printedName": "IPDetectTool.IPDetectorDelegate?",
                    "children": [
                      {
                        "kind": "TypeNominal",
                        "name": "IPDetectorDelegate",
                        "printedName": "IPDetectTool.IPDetectorDelegate",
                        "usr": "s:12IPDetectTool18IPDetectorDelegateP"
                      }
                    ],
                    "usr": "s:Sq"
                  }
                ],
                "declKind": "Accessor",
                "usr": "s:12IPDetectTool10IPDetectorC8delegateAA0C8Delegate_pSgvg",
                "mangledName": "$s12IPDetectTool10IPDetectorC8delegateAA0C8Delegate_pSgvg",
                "moduleName": "IPDetectTool",
                "implicit": true,
                "accessorKind": "get"
              },
              {
                "kind": "Accessor",
                "name": "Set",
                "printedName": "Set()",
                "children": [
                  {
                    "kind": "TypeNominal",
                    "name": "Void",
                    "printedName": "()"
                  },
                  {
                    "kind": "TypeNominal",
                    "name": "Optional",
                    "printedName": "IPDetectTool.IPDetectorDelegate?",
                    "children": [
                      {
                        "kind": "TypeNominal",
                        "name": "IPDetectorDelegate",
                        "printedName": "IPDetectTool.IPDetectorDelegate",
                        "usr": "s:12IPDetectTool18IPDetectorDelegateP"
                      }
                    ],
                    "usr": "s:Sq"
                  }
                ],
                "declKind": "Accessor",
                "usr": "s:12IPDetectTool10IPDetectorC8delegateAA0C8Delegate_pSgvs",
                "mangledName": "$s12IPDetectTool10IPDetectorC8delegateAA0C8Delegate_pSgvs",
                "moduleName": "IPDetectTool",
                "implicit": true,
                "accessorKind": "set"
              },
              {
                "kind": "Accessor",
                "name": "Modify",
                "printedName": "Modify()",
                "children": [
                  {
                    "kind": "TypeNominal",
                    "name": "Void",
                    "printedName": "()"
                  }
                ],
                "declKind": "Accessor",
                "usr": "s:12IPDetectTool10IPDetectorC8delegateAA0C8Delegate_pSgvM",
                "mangledName": "$s12IPDetectTool10IPDetectorC8delegateAA0C8Delegate_pSgvM",
                "moduleName": "IPDetectTool",
                "implicit": true,
                "accessorKind": "_modify"
              }
            ]
          },
          {
            "kind": "Var",
            "name": "timeout",
            "printedName": "timeout",
            "children": [
              {
                "kind": "TypeNominal",
                "name": "Double",
                "printedName": "Swift.Double",
                "usr": "s:Sd"
              }
            ],
            "declKind": "Var",
            "usr": "s:12IPDetectTool10IPDetectorC7timeoutSdvp",
            "mangledName": "$s12IPDetectTool10IPDetectorC7timeoutSdvp",
            "moduleName": "IPDetectTool",
            "declAttributes": [
              "HasInitialValue",
              "HasStorage",
              "AccessControl"
            ],
            "hasStorage": true,
            "accessors": [
              {
                "kind": "Accessor",
                "name": "Get",
                "printedName": "Get()",
                "children": [
                  {
                    "kind": "TypeNominal",
                    "name": "Double",
                    "printedName": "Swift.Double",
                    "usr": "s:Sd"
                  }
                ],
                "declKind": "Accessor",
                "usr": "s:12IPDetectTool10IPDetectorC7timeoutSdvg",
                "mangledName": "$s12IPDetectTool10IPDetectorC7timeoutSdvg",
                "moduleName": "IPDetectTool",
                "implicit": true,
                "accessorKind": "get"
              },
              {
                "kind": "Accessor",
                "name": "Set",
                "printedName": "Set()",
                "children": [
                  {
                    "kind": "TypeNominal",
                    "name": "Void",
                    "printedName": "()"
                  },
                  {
                    "kind": "TypeNominal",
                    "name": "Double",
                    "printedName": "Swift.Double",
                    "usr": "s:Sd"
                  }
                ],
                "declKind": "Accessor",
                "usr": "s:12IPDetectTool10IPDetectorC7timeoutSdvs",
                "mangledName": "$s12IPDetectTool10IPDetectorC7timeoutSdvs",
                "moduleName": "IPDetectTool",
                "implicit": true,
                "accessorKind": "set"
              },
              {
                "kind": "Accessor",
                "name": "Modify",
                "printedName": "Modify()",
                "children": [
                  {
                    "kind": "TypeNominal",
                    "name": "Void",
                    "printedName": "()"
                  }
                ],
                "declKind": "Accessor",
                "usr": "s:12IPDetectTool10IPDetectorC7timeoutSdvM",
                "mangledName": "$s12IPDetectTool10IPDetectorC7timeoutSdvM",
                "moduleName": "IPDetectTool",
                "implicit": true,
                "accessorKind": "_modify"
              }
            ]
          },
          {
            "kind": "Var",
            "name": "retryCount",
            "printedName": "retryCount",
            "children": [
              {
                "kind": "TypeNominal",
                "name": "Int",
                "printedName": "Swift.Int",
                "usr": "s:Si"
              }
            ],
            "declKind": "Var",
            "usr": "s:12IPDetectTool10IPDetectorC10retryCountSivp",
            "mangledName": "$s12IPDetectTool10IPDetectorC10retryCountSivp",
            "moduleName": "IPDetectTool",
            "declAttributes": [
              "HasInitialValue",
              "HasStorage",
              "AccessControl"
            ],
            "hasStorage": true,
            "accessors": [
              {
                "kind": "Accessor",
                "name": "Get",
                "printedName": "Get()",
                "children": [
                  {
                    "kind": "TypeNominal",
                    "name": "Int",
                    "printedName": "Swift.Int",
                    "usr": "s:Si"
                  }
                ],
                "declKind": "Accessor",
                "usr": "s:12IPDetectTool10IPDetectorC10retryCountSivg",
                "mangledName": "$s12IPDetectTool10IPDetectorC10retryCountSivg",
                "moduleName": "IPDetectTool",
                "implicit": true,
                "accessorKind": "get"
              },
              {
                "kind": "Accessor",
                "name": "Set",
                "printedName": "Set()",
                "children": [
                  {
                    "kind": "TypeNominal",
                    "name": "Void",
                    "printedName": "()"
                  },
                  {
                    "kind": "TypeNominal",
                    "name": "Int",
                    "printedName": "Swift.Int",
                    "usr": "s:Si"
                  }
                ],
                "declKind": "Accessor",
                "usr": "s:12IPDetectTool10IPDetectorC10retryCountSivs",
                "mangledName": "$s12IPDetectTool10IPDetectorC10retryCountSivs",
                "moduleName": "IPDetectTool",
                "implicit": true,
                "accessorKind": "set"
              },
              {
                "kind": "Accessor",
                "name": "Modify",
                "printedName": "Modify()",
                "children": [
                  {
                    "kind": "TypeNominal",
                    "name": "Void",
                    "printedName": "()"
                  }
                ],
                "declKind": "Accessor",
                "usr": "s:12IPDetectTool10IPDetectorC10retryCountSivM",
                "mangledName": "$s12IPDetectTool10IPDetectorC10retryCountSivM",
                "moduleName": "IPDetectTool",
                "implicit": true,
                "accessorKind": "_modify"
              }
            ]
          },
          {
            "kind": "Constructor",
            "name": "init",
            "printedName": "init(hostName:port:)",
            "children": [
              {
                "kind": "TypeNominal",
                "name": "IPDetector",
                "printedName": "IPDetectTool.IPDetector",
                "usr": "s:12IPDetectTool10IPDetectorC"
              },
              {
                "kind": "TypeNominal",
                "name": "String",
                "printedName": "Swift.String",
                "usr": "s:SS"
              },
              {
                "kind": "TypeNominal",
                "name": "UInt16",
                "printedName": "Swift.UInt16",
                "usr": "s:s6UInt16V"
              }
            ],
            "declKind": "Constructor",
            "usr": "s:12IPDetectTool10IPDetectorC8hostName4portACSS_s6UInt16Vtcfc",
            "mangledName": "$s12IPDetectTool10IPDetectorC8hostName4portACSS_s6UInt16Vtcfc",
            "moduleName": "IPDetectTool",
            "declAttributes": [
              "Convenience",
              "AccessControl"
            ],
            "init_kind": "Convenience"
          },
          {
            "kind": "Constructor",
            "name": "init",
            "printedName": "init(ip:port:)",
            "children": [
              {
                "kind": "TypeNominal",
                "name": "IPDetector",
                "printedName": "IPDetectTool.IPDetector",
                "usr": "s:12IPDetectTool10IPDetectorC"
              },
              {
                "kind": "TypeNominal",
                "name": "String",
                "printedName": "Swift.String",
                "usr": "s:SS"
              },
              {
                "kind": "TypeNominal",
                "name": "UInt16",
                "printedName": "Swift.UInt16",
                "usr": "s:s6UInt16V"
              }
            ],
            "declKind": "Constructor",
            "usr": "s:12IPDetectTool10IPDetectorC2ip4portACSS_s6UInt16Vtcfc",
            "mangledName": "$s12IPDetectTool10IPDetectorC2ip4portACSS_s6UInt16Vtcfc",
            "moduleName": "IPDetectTool",
            "declAttributes": [
              "Convenience",
              "AccessControl"
            ],
            "init_kind": "Convenience"
          },
          {
            "kind": "Constructor",
            "name": "init",
            "printedName": "init(host:port:)",
            "children": [
              {
                "kind": "TypeNominal",
                "name": "IPDetector",
                "printedName": "IPDetectTool.IPDetector",
                "usr": "s:12IPDetectTool10IPDetectorC"
              },
              {
                "kind": "TypeNominal",
                "name": "Host",
                "printedName": "IPDetectTool.Host",
                "usr": "s:12IPDetectTool4HostO"
              },
              {
                "kind": "TypeNominal",
                "name": "UInt16",
                "printedName": "Swift.UInt16",
                "usr": "s:s6UInt16V"
              }
            ],
            "declKind": "Constructor",
            "usr": "s:12IPDetectTool10IPDetectorC4host4portAcA4HostO_s6UInt16Vtcfc",
            "mangledName": "$s12IPDetectTool10IPDetectorC4host4portAcA4HostO_s6UInt16Vtcfc",
            "moduleName": "IPDetectTool",
            "declAttributes": [
              "AccessControl"
            ],
            "init_kind": "Designated"
          },
          {
            "kind": "Function",
            "name": "fetchIP",
            "printedName": "fetchIP()",
            "children": [
              {
                "kind": "TypeNominal",
                "name": "Void",
                "printedName": "()"
              }
            ],
            "declKind": "Func",
            "usr": "s:12IPDetectTool10IPDetectorC7fetchIPyyF",
            "mangledName": "$s12IPDetectTool10IPDetectorC7fetchIPyyF",
            "moduleName": "IPDetectTool",
            "declAttributes": [
              "AccessControl"
            ],
            "funcSelfKind": "NonMutating"
          }
        ],
        "declKind": "Class",
        "usr": "s:12IPDetectTool10IPDetectorC",
        "mangledName": "$s12IPDetectTool10IPDetectorC",
        "moduleName": "IPDetectTool",
        "declAttributes": [
          "AccessControl"
        ]
      },
      {
        "kind": "Import",
        "name": "Foundation",
        "printedName": "Foundation",
        "declKind": "Import",
        "moduleName": "IPDetectTool",
        "declAttributes": [
          "RawDocComment"
        ]
      },
      {
        "kind": "Import",
        "name": "Foundation",
        "printedName": "Foundation",
        "declKind": "Import",
        "moduleName": "IPDetectTool",
        "declAttributes": [
          "RawDocComment"
        ]
      },
      {
        "kind": "Import",
        "name": "Foundation",
        "printedName": "Foundation",
        "declKind": "Import",
        "moduleName": "IPDetectTool",
        "declAttributes": [
          "RawDocComment"
        ]
      },
      {
        "kind": "Import",
        "name": "Combine",
        "printedName": "Combine",
        "declKind": "Import",
        "moduleName": "IPDetectTool"
      },
      {
        "kind": "Import",
        "name": "CocoaAsyncSocket",
        "printedName": "CocoaAsyncSocket",
        "declKind": "Import",
        "moduleName": "IPDetectTool"
      },
      {
        "kind": "TypeDecl",
        "name": "Host",
        "printedName": "Host",
        "children": [
          {
            "kind": "Var",
            "name": "ip",
            "printedName": "ip",
            "children": [
              {
                "kind": "TypeFunc",
                "name": "Function",
                "printedName": "(IPDetectTool.Host.Type) -> (Swift.String) -> IPDetectTool.Host",
                "children": [
                  {
                    "kind": "TypeFunc",
                    "name": "Function",
                    "printedName": "(Swift.String) -> IPDetectTool.Host",
                    "children": [
                      {
                        "kind": "TypeNominal",
                        "name": "Host",
                        "printedName": "IPDetectTool.Host",
                        "usr": "s:12IPDetectTool4HostO"
                      },
                      {
                        "kind": "TypeNominal",
                        "name": "String",
                        "printedName": "Swift.String",
                        "usr": "s:SS"
                      }
                    ]
                  },
                  {
                    "kind": "TypeNominal",
                    "name": "Metatype",
                    "printedName": "IPDetectTool.Host.Type",
                    "children": [
                      {
                        "kind": "TypeNominal",
                        "name": "Host",
                        "printedName": "IPDetectTool.Host",
                        "usr": "s:12IPDetectTool4HostO"
                      }
                    ]
                  }
                ]
              }
            ],
            "declKind": "EnumElement",
            "usr": "s:12IPDetectTool4HostO2ipyACSScACmF",
            "mangledName": "$s12IPDetectTool4HostO2ipyACSScACmF",
            "moduleName": "IPDetectTool"
          },
          {
            "kind": "Var",
            "name": "host",
            "printedName": "host",
            "children": [
              {
                "kind": "TypeFunc",
                "name": "Function",
                "printedName": "(IPDetectTool.Host.Type) -> (Swift.String) -> IPDetectTool.Host",
                "children": [
                  {
                    "kind": "TypeFunc",
                    "name": "Function",
                    "printedName": "(Swift.String) -> IPDetectTool.Host",
                    "children": [
                      {
                        "kind": "TypeNominal",
                        "name": "Host",
                        "printedName": "IPDetectTool.Host",
                        "usr": "s:12IPDetectTool4HostO"
                      },
                      {
                        "kind": "TypeNominal",
                        "name": "String",
                        "printedName": "Swift.String",
                        "usr": "s:SS"
                      }
                    ]
                  },
                  {
                    "kind": "TypeNominal",
                    "name": "Metatype",
                    "printedName": "IPDetectTool.Host.Type",
                    "children": [
                      {
                        "kind": "TypeNominal",
                        "name": "Host",
                        "printedName": "IPDetectTool.Host",
                        "usr": "s:12IPDetectTool4HostO"
                      }
                    ]
                  }
                ]
              }
            ],
            "declKind": "EnumElement",
            "usr": "s:12IPDetectTool4HostO4hostyACSScACmF",
            "mangledName": "$s12IPDetectTool4HostO4hostyACSScACmF",
            "moduleName": "IPDetectTool"
          }
        ],
        "declKind": "Enum",
        "usr": "s:12IPDetectTool4HostO",
        "mangledName": "$s12IPDetectTool4HostO",
        "moduleName": "IPDetectTool",
        "declAttributes": [
          "AccessControl"
        ]
      },
      {
        "kind": "TypeDecl",
        "name": "Data",
        "printedName": "Data",
        "children": [
          {
            "kind": "Function",
            "name": "safeSubData",
            "printedName": "safeSubData(in:)",
            "children": [
              {
                "kind": "TypeNominal",
                "name": "Data",
                "printedName": "Foundation.Data",
                "usr": "s:10Foundation4DataV"
              },
              {
                "kind": "TypeNominal",
                "name": "Range",
                "printedName": "Swift.Range<Swift.Int>",
                "children": [
                  {
                    "kind": "TypeNominal",
                    "name": "Int",
                    "printedName": "Swift.Int",
                    "usr": "s:Si"
                  }
                ],
                "usr": "s:Sn"
              }
            ],
            "declKind": "Func",
            "usr": "s:10Foundation4DataV12IPDetectToolE07safeSubB02inACSnySiG_tF",
            "mangledName": "$s10Foundation4DataV12IPDetectToolE07safeSubB02inACSnySiG_tF",
            "moduleName": "IPDetectTool",
            "declAttributes": [
              "AccessControl"
            ],
            "isFromExtension": true,
            "funcSelfKind": "NonMutating"
          },
          {
            "kind": "Function",
            "name": "popFirst",
            "printedName": "popFirst(maxCount:)",
            "children": [
              {
                "kind": "TypeNominal",
                "name": "Array",
                "printedName": "[Swift.UInt8]",
                "children": [
                  {
                    "kind": "TypeNominal",
                    "name": "UInt8",
                    "printedName": "Swift.UInt8",
                    "usr": "s:s5UInt8V"
                  }
                ],
                "usr": "s:Sa"
              },
              {
                "kind": "TypeNominal",
                "name": "Int",
                "printedName": "Swift.Int",
                "usr": "s:Si"
              }
            ],
            "declKind": "Func",
            "usr": "s:10Foundation4DataV12IPDetectToolE8popFirst8maxCountSays5UInt8VGSi_tF",
            "mangledName": "$s10Foundation4DataV12IPDetectToolE8popFirst8maxCountSays5UInt8VGSi_tF",
            "moduleName": "IPDetectTool",
            "declAttributes": [
              "AccessControl",
              "Mutating"
            ],
            "isFromExtension": true,
            "funcSelfKind": "Mutating"
          }
        ],
        "declKind": "Struct",
        "usr": "s:10Foundation4DataV",
        "mangledName": "$s10Foundation4DataV",
        "moduleName": "Foundation",
        "intro_Macosx": "10.10",
        "intro_iOS": "8.0",
        "intro_tvOS": "9.0",
        "intro_watchOS": "2.0",
        "declAttributes": [
          "Frozen",
          "Available",
          "Available",
          "Available",
          "Available"
        ],
        "isExternal": true,
        "conformances": [
          {
            "kind": "Conformance",
            "name": "Equatable",
            "printedName": "Equatable",
            "usr": "s:SQ",
            "mangledName": "$sSQ"
          },
          {
            "kind": "Conformance",
            "name": "Hashable",
            "printedName": "Hashable",
            "usr": "s:SH",
            "mangledName": "$sSH"
          },
          {
            "kind": "Conformance",
            "name": "RandomAccessCollection",
            "printedName": "RandomAccessCollection",
            "children": [
              {
                "kind": "TypeWitness",
                "name": "Element",
                "printedName": "Element",
                "children": [
                  {
                    "kind": "TypeNominal",
                    "name": "UInt8",
                    "printedName": "Swift.UInt8",
                    "usr": "s:s5UInt8V"
                  }
                ]
              },
              {
                "kind": "TypeWitness",
                "name": "Index",
                "printedName": "Index",
                "children": [
                  {
                    "kind": "TypeNominal",
                    "name": "Int",
                    "printedName": "Swift.Int",
                    "usr": "s:Si"
                  }
                ]
              },
              {
                "kind": "TypeWitness",
                "name": "SubSequence",
                "printedName": "SubSequence",
                "children": [
                  {
                    "kind": "TypeNominal",
                    "name": "Data",
                    "printedName": "Foundation.Data",
                    "usr": "s:10Foundation4DataV"
                  }
                ]
              },
              {
                "kind": "TypeWitness",
                "name": "Indices",
                "printedName": "Indices",
                "children": [
                  {
                    "kind": "TypeNominal",
                    "name": "Range",
                    "printedName": "Swift.Range<Swift.Int>",
                    "children": [
                      {
                        "kind": "TypeNominal",
                        "name": "Int",
                        "printedName": "Swift.Int",
                        "usr": "s:Si"
                      }
                    ],
                    "usr": "s:Sn"
                  }
                ]
              }
            ],
            "usr": "s:Sk",
            "mangledName": "$sSk"
          },
          {
            "kind": "Conformance",
            "name": "MutableCollection",
            "printedName": "MutableCollection",
            "children": [
              {
                "kind": "TypeWitness",
                "name": "Element",
                "printedName": "Element",
                "children": [
                  {
                    "kind": "TypeNominal",
                    "name": "UInt8",
                    "printedName": "Swift.UInt8",
                    "usr": "s:s5UInt8V"
                  }
                ]
              },
              {
                "kind": "TypeWitness",
                "name": "Index",
                "printedName": "Index",
                "children": [
                  {
                    "kind": "TypeNominal",
                    "name": "Int",
                    "printedName": "Swift.Int",
                    "usr": "s:Si"
                  }
                ]
              },
              {
                "kind": "TypeWitness",
                "name": "SubSequence",
                "printedName": "SubSequence",
                "children": [
                  {
                    "kind": "TypeNominal",
                    "name": "Data",
                    "printedName": "Foundation.Data",
                    "usr": "s:10Foundation4DataV"
                  }
                ]
              }
            ],
            "usr": "s:SM",
            "mangledName": "$sSM"
          },
          {
            "kind": "Conformance",
            "name": "RangeReplaceableCollection",
            "printedName": "RangeReplaceableCollection",
            "children": [
              {
                "kind": "TypeWitness",
                "name": "SubSequence",
                "printedName": "SubSequence",
                "children": [
                  {
                    "kind": "TypeNominal",
                    "name": "Data",
                    "printedName": "Foundation.Data",
                    "usr": "s:10Foundation4DataV"
                  }
                ]
              }
            ],
            "usr": "s:Sm",
            "mangledName": "$sSm"
          },
          {
            "kind": "Conformance",
            "name": "MutableDataProtocol",
            "printedName": "MutableDataProtocol",
            "usr": "s:10Foundation19MutableDataProtocolP",
            "mangledName": "$s10Foundation19MutableDataProtocolP"
          },
          {
            "kind": "Conformance",
            "name": "ContiguousBytes",
            "printedName": "ContiguousBytes",
            "usr": "s:10Foundation15ContiguousBytesP",
            "mangledName": "$s10Foundation15ContiguousBytesP"
          },
          {
            "kind": "Conformance",
            "name": "Sendable",
            "printedName": "Sendable",
            "usr": "s:s8SendableP",
            "mangledName": "$ss8SendableP"
          },
          {
            "kind": "Conformance",
            "name": "BidirectionalCollection",
            "printedName": "BidirectionalCollection",
            "children": [
              {
                "kind": "TypeWitness",
                "name": "Element",
                "printedName": "Element",
                "children": [
                  {
                    "kind": "TypeNominal",
                    "name": "UInt8",
                    "printedName": "Swift.UInt8",
                    "usr": "s:s5UInt8V"
                  }
                ]
              },
              {
                "kind": "TypeWitness",
                "name": "Index",
                "printedName": "Index",
                "children": [
                  {
                    "kind": "TypeNominal",
                    "name": "Int",
                    "printedName": "Swift.Int",
                    "usr": "s:Si"
                  }
                ]
              },
              {
                "kind": "TypeWitness",
                "name": "SubSequence",
                "printedName": "SubSequence",
                "children": [
                  {
                    "kind": "TypeNominal",
                    "name": "Data",
                    "printedName": "Foundation.Data",
                    "usr": "s:10Foundation4DataV"
                  }
                ]
              },
              {
                "kind": "TypeWitness",
                "name": "Indices",
                "printedName": "Indices",
                "children": [
                  {
                    "kind": "TypeNominal",
                    "name": "Range",
                    "printedName": "Swift.Range<Swift.Int>",
                    "children": [
                      {
                        "kind": "TypeNominal",
                        "name": "Int",
                        "printedName": "Swift.Int",
                        "usr": "s:Si"
                      }
                    ],
                    "usr": "s:Sn"
                  }
                ]
              }
            ],
            "usr": "s:SK",
            "mangledName": "$sSK"
          },
          {
            "kind": "Conformance",
            "name": "Collection",
            "printedName": "Collection",
            "children": [
              {
                "kind": "TypeWitness",
                "name": "Element",
                "printedName": "Element",
                "children": [
                  {
                    "kind": "TypeNominal",
                    "name": "UInt8",
                    "printedName": "Swift.UInt8",
                    "usr": "s:s5UInt8V"
                  }
                ]
              },
              {
                "kind": "TypeWitness",
                "name": "Index",
                "printedName": "Index",
                "children": [
                  {
                    "kind": "TypeNominal",
                    "name": "Int",
                    "printedName": "Swift.Int",
                    "usr": "s:Si"
                  }
                ]
              },
              {
                "kind": "TypeWitness",
                "name": "Iterator",
                "printedName": "Iterator",
                "children": [
                  {
                    "kind": "TypeNominal",
                    "name": "Iterator",
                    "printedName": "Foundation.Data.Iterator",
                    "usr": "s:10Foundation4DataV8IteratorV"
                  }
                ]
              },
              {
                "kind": "TypeWitness",
                "name": "SubSequence",
                "printedName": "SubSequence",
                "children": [
                  {
                    "kind": "TypeNominal",
                    "name": "Data",
                    "printedName": "Foundation.Data",
                    "usr": "s:10Foundation4DataV"
                  }
                ]
              },
              {
                "kind": "TypeWitness",
                "name": "Indices",
                "printedName": "Indices",
                "children": [
                  {
                    "kind": "TypeNominal",
                    "name": "Range",
                    "printedName": "Swift.Range<Swift.Int>",
                    "children": [
                      {
                        "kind": "TypeNominal",
                        "name": "Int",
                        "printedName": "Swift.Int",
                        "usr": "s:Si"
                      }
                    ],
                    "usr": "s:Sn"
                  }
                ]
              }
            ],
            "usr": "s:Sl",
            "mangledName": "$sSl"
          },
          {
            "kind": "Conformance",
            "name": "DataProtocol",
            "printedName": "DataProtocol",
            "children": [
              {
                "kind": "TypeWitness",
                "name": "Regions",
                "printedName": "Regions",
                "children": [
                  {
                    "kind": "TypeNominal",
                    "name": "CollectionOfOne",
                    "printedName": "Swift.CollectionOfOne<Foundation.Data>",
                    "children": [
                      {
                        "kind": "TypeNominal",
                        "name": "Data",
                        "printedName": "Foundation.Data",
                        "usr": "s:10Foundation4DataV"
                      }
                    ],
                    "usr": "s:s15CollectionOfOneV"
                  }
                ]
              }
            ],
            "usr": "s:10Foundation12DataProtocolP",
            "mangledName": "$s10Foundation12DataProtocolP"
          },
          {
            "kind": "Conformance",
            "name": "Sequence",
            "printedName": "Sequence",
            "children": [
              {
                "kind": "TypeWitness",
                "name": "Element",
                "printedName": "Element",
                "children": [
                  {
                    "kind": "TypeNominal",
                    "name": "UInt8",
                    "printedName": "Swift.UInt8",
                    "usr": "s:s5UInt8V"
                  }
                ]
              },
              {
                "kind": "TypeWitness",
                "name": "Iterator",
                "printedName": "Iterator",
                "children": [
                  {
                    "kind": "TypeNominal",
                    "name": "Iterator",
                    "printedName": "Foundation.Data.Iterator",
                    "usr": "s:10Foundation4DataV8IteratorV"
                  }
                ]
              }
            ],
            "usr": "s:ST",
            "mangledName": "$sST"
          },
          {
            "kind": "Conformance",
            "name": "ReferenceConvertible",
            "printedName": "ReferenceConvertible",
            "children": [
              {
                "kind": "TypeWitness",
                "name": "ReferenceType",
                "printedName": "ReferenceType",
                "children": [
                  {
                    "kind": "TypeNominal",
                    "name": "NSData",
                    "printedName": "Foundation.NSData",
                    "usr": "c:objc(cs)NSData"
                  }
                ]
              }
            ],
            "usr": "s:10Foundation20ReferenceConvertibleP",
            "mangledName": "$s10Foundation20ReferenceConvertibleP"
          },
          {
            "kind": "Conformance",
            "name": "_ObjectiveCBridgeable",
            "printedName": "_ObjectiveCBridgeable",
            "children": [
              {
                "kind": "TypeWitness",
                "name": "_ObjectiveCType",
                "printedName": "_ObjectiveCType",
                "children": [
                  {
                    "kind": "TypeNominal",
                    "name": "NSData",
                    "printedName": "Foundation.NSData",
                    "usr": "c:objc(cs)NSData"
                  }
                ]
              }
            ],
            "usr": "s:s21_ObjectiveCBridgeableP",
            "mangledName": "$ss21_ObjectiveCBridgeableP"
          },
          {
            "kind": "Conformance",
            "name": "CustomStringConvertible",
            "printedName": "CustomStringConvertible",
            "usr": "s:s23CustomStringConvertibleP",
            "mangledName": "$ss23CustomStringConvertibleP"
          },
          {
            "kind": "Conformance",
            "name": "CustomDebugStringConvertible",
            "printedName": "CustomDebugStringConvertible",
            "usr": "s:s28CustomDebugStringConvertibleP",
            "mangledName": "$ss28CustomDebugStringConvertibleP"
          },
          {
            "kind": "Conformance",
            "name": "CustomReflectable",
            "printedName": "CustomReflectable",
            "usr": "s:s17CustomReflectableP",
            "mangledName": "$ss17CustomReflectableP"
          },
          {
            "kind": "Conformance",
            "name": "Decodable",
            "printedName": "Decodable",
            "usr": "s:Se",
            "mangledName": "$sSe"
          },
          {
            "kind": "Conformance",
            "name": "Encodable",
            "printedName": "Encodable",
            "usr": "s:SE",
            "mangledName": "$sSE"
          }
        ]
      },
      {
        "kind": "TypeDecl",
        "name": "Array",
        "printedName": "Array",
        "children": [
          {
            "kind": "Function",
            "name": "popFirst",
            "printedName": "popFirst(maxCount:)",
            "children": [
              {
                "kind": "TypeNominal",
                "name": "Array",
                "printedName": "[τ_0_0]",
                "children": [
                  {
                    "kind": "TypeNominal",
                    "name": "GenericTypeParam",
                    "printedName": "τ_0_0"
                  }
                ],
                "usr": "s:Sa"
              },
              {
                "kind": "TypeNominal",
                "name": "Int",
                "printedName": "Swift.Int",
                "usr": "s:Si"
              }
            ],
            "declKind": "Func",
            "usr": "s:Sa12IPDetectToolE8popFirst8maxCountSayxGSi_tF",
            "mangledName": "$sSa12IPDetectToolE8popFirst8maxCountSayxGSi_tF",
            "moduleName": "IPDetectTool",
            "genericSig": "<τ_0_0>",
            "sugared_genericSig": "<Element>",
            "declAttributes": [
              "AccessControl",
              "Mutating"
            ],
            "isFromExtension": true,
            "funcSelfKind": "Mutating"
          }
        ],
        "declKind": "Struct",
        "usr": "s:Sa",
        "mangledName": "$sSa",
        "moduleName": "Swift",
        "genericSig": "<τ_0_0>",
        "sugared_genericSig": "<Element>",
        "declAttributes": [
          "Frozen"
        ],
        "isExternal": true,
        "conformances": [
          {
            "kind": "Conformance",
            "name": "_DestructorSafeContainer",
            "printedName": "_DestructorSafeContainer",
            "usr": "s:s24_DestructorSafeContainerP",
            "mangledName": "$ss24_DestructorSafeContainerP"
          },
          {
            "kind": "Conformance",
            "name": "_ArrayProtocol",
            "printedName": "_ArrayProtocol",
            "children": [
              {
                "kind": "TypeWitness",
                "name": "_Buffer",
                "printedName": "_Buffer",
                "children": [
                  {
                    "kind": "TypeNominal",
                    "name": "_ArrayBuffer",
                    "printedName": "Swift._ArrayBuffer<τ_0_0>",
                    "children": [
                      {
                        "kind": "TypeNominal",
                        "name": "GenericTypeParam",
                        "printedName": "τ_0_0"
                      }
                    ],
                    "usr": "s:s12_ArrayBufferV"
                  }
                ]
              }
            ],
            "usr": "s:s14_ArrayProtocolP",
            "mangledName": "$ss14_ArrayProtocolP"
          },
          {
            "kind": "Conformance",
            "name": "RandomAccessCollection",
            "printedName": "RandomAccessCollection",
            "children": [
              {
                "kind": "TypeWitness",
                "name": "Element",
                "printedName": "Element",
                "children": [
                  {
                    "kind": "TypeNominal",
                    "name": "GenericTypeParam",
                    "printedName": "τ_0_0"
                  }
                ]
              },
              {
                "kind": "TypeWitness",
                "name": "Index",
                "printedName": "Index",
                "children": [
                  {
                    "kind": "TypeNominal",
                    "name": "Int",
                    "printedName": "Swift.Int",
                    "usr": "s:Si"
                  }
                ]
              },
              {
                "kind": "TypeWitness",
                "name": "SubSequence",
                "printedName": "SubSequence",
                "children": [
                  {
                    "kind": "TypeNominal",
                    "name": "ArraySlice",
                    "printedName": "Swift.ArraySlice<τ_0_0>",
                    "children": [
                      {
                        "kind": "TypeNominal",
                        "name": "GenericTypeParam",
                        "printedName": "τ_0_0"
                      }
                    ],
                    "usr": "s:s10ArraySliceV"
                  }
                ]
              },
              {
                "kind": "TypeWitness",
                "name": "Indices",
                "printedName": "Indices",
                "children": [
                  {
                    "kind": "TypeNominal",
                    "name": "Range",
                    "printedName": "Swift.Range<Swift.Int>",
                    "children": [
                      {
                        "kind": "TypeNominal",
                        "name": "Int",
                        "printedName": "Swift.Int",
                        "usr": "s:Si"
                      }
                    ],
                    "usr": "s:Sn"
                  }
                ]
              }
            ],
            "usr": "s:Sk",
            "mangledName": "$sSk"
          },
          {
            "kind": "Conformance",
            "name": "MutableCollection",
            "printedName": "MutableCollection",
            "children": [
              {
                "kind": "TypeWitness",
                "name": "Element",
                "printedName": "Element",
                "children": [
                  {
                    "kind": "TypeNominal",
                    "name": "GenericTypeParam",
                    "printedName": "τ_0_0"
                  }
                ]
              },
              {
                "kind": "TypeWitness",
                "name": "Index",
                "printedName": "Index",
                "children": [
                  {
                    "kind": "TypeNominal",
                    "name": "Int",
                    "printedName": "Swift.Int",
                    "usr": "s:Si"
                  }
                ]
              },
              {
                "kind": "TypeWitness",
                "name": "SubSequence",
                "printedName": "SubSequence",
                "children": [
                  {
                    "kind": "TypeNominal",
                    "name": "ArraySlice",
                    "printedName": "Swift.ArraySlice<τ_0_0>",
                    "children": [
                      {
                        "kind": "TypeNominal",
                        "name": "GenericTypeParam",
                        "printedName": "τ_0_0"
                      }
                    ],
                    "usr": "s:s10ArraySliceV"
                  }
                ]
              }
            ],
            "usr": "s:SM",
            "mangledName": "$sSM"
          },
          {
            "kind": "Conformance",
            "name": "BidirectionalCollection",
            "printedName": "BidirectionalCollection",
            "children": [
              {
                "kind": "TypeWitness",
                "name": "Element",
                "printedName": "Element",
                "children": [
                  {
                    "kind": "TypeNominal",
                    "name": "GenericTypeParam",
                    "printedName": "τ_0_0"
                  }
                ]
              },
              {
                "kind": "TypeWitness",
                "name": "Index",
                "printedName": "Index",
                "children": [
                  {
                    "kind": "TypeNominal",
                    "name": "Int",
                    "printedName": "Swift.Int",
                    "usr": "s:Si"
                  }
                ]
              },
              {
                "kind": "TypeWitness",
                "name": "SubSequence",
                "printedName": "SubSequence",
                "children": [
                  {
                    "kind": "TypeNominal",
                    "name": "ArraySlice",
                    "printedName": "Swift.ArraySlice<τ_0_0>",
                    "children": [
                      {
                        "kind": "TypeNominal",
                        "name": "GenericTypeParam",
                        "printedName": "τ_0_0"
                      }
                    ],
                    "usr": "s:s10ArraySliceV"
                  }
                ]
              },
              {
                "kind": "TypeWitness",
                "name": "Indices",
                "printedName": "Indices",
                "children": [
                  {
                    "kind": "TypeNominal",
                    "name": "Range",
                    "printedName": "Swift.Range<Swift.Int>",
                    "children": [
                      {
                        "kind": "TypeNominal",
                        "name": "Int",
                        "printedName": "Swift.Int",
                        "usr": "s:Si"
                      }
                    ],
                    "usr": "s:Sn"
                  }
                ]
              }
            ],
            "usr": "s:SK",
            "mangledName": "$sSK"
          },
          {
            "kind": "Conformance",
            "name": "Collection",
            "printedName": "Collection",
            "children": [
              {
                "kind": "TypeWitness",
                "name": "Element",
                "printedName": "Element",
                "children": [
                  {
                    "kind": "TypeNominal",
                    "name": "GenericTypeParam",
                    "printedName": "τ_0_0"
                  }
                ]
              },
              {
                "kind": "TypeWitness",
                "name": "Index",
                "printedName": "Index",
                "children": [
                  {
                    "kind": "TypeNominal",
                    "name": "Int",
                    "printedName": "Swift.Int",
                    "usr": "s:Si"
                  }
                ]
              },
              {
                "kind": "TypeWitness",
                "name": "Iterator",
                "printedName": "Iterator",
                "children": [
                  {
                    "kind": "TypeNominal",
                    "name": "IndexingIterator",
                    "printedName": "Swift.IndexingIterator<[τ_0_0]>",
                    "children": [
                      {
                        "kind": "TypeNominal",
                        "name": "Array",
                        "printedName": "[τ_0_0]",
                        "children": [
                          {
                            "kind": "TypeNominal",
                            "name": "GenericTypeParam",
                            "printedName": "τ_0_0"
                          }
                        ],
                        "usr": "s:Sa"
                      }
                    ],
                    "usr": "s:s16IndexingIteratorV"
                  }
                ]
              },
              {
                "kind": "TypeWitness",
                "name": "SubSequence",
                "printedName": "SubSequence",
                "children": [
                  {
                    "kind": "TypeNominal",
                    "name": "ArraySlice",
                    "printedName": "Swift.ArraySlice<τ_0_0>",
                    "children": [
                      {
                        "kind": "TypeNominal",
                        "name": "GenericTypeParam",
                        "printedName": "τ_0_0"
                      }
                    ],
                    "usr": "s:s10ArraySliceV"
                  }
                ]
              },
              {
                "kind": "TypeWitness",
                "name": "Indices",
                "printedName": "Indices",
                "children": [
                  {
                    "kind": "TypeNominal",
                    "name": "Range",
                    "printedName": "Swift.Range<Swift.Int>",
                    "children": [
                      {
                        "kind": "TypeNominal",
                        "name": "Int",
                        "printedName": "Swift.Int",
                        "usr": "s:Si"
                      }
                    ],
                    "usr": "s:Sn"
                  }
                ]
              }
            ],
            "usr": "s:Sl",
            "mangledName": "$sSl"
          },
          {
            "kind": "Conformance",
            "name": "Sequence",
            "printedName": "Sequence",
            "children": [
              {
                "kind": "TypeWitness",
                "name": "Element",
                "printedName": "Element",
                "children": [
                  {
                    "kind": "TypeNominal",
                    "name": "GenericTypeParam",
                    "printedName": "τ_0_0"
                  }
                ]
              },
              {
                "kind": "TypeWitness",
                "name": "Iterator",
                "printedName": "Iterator",
                "children": [
                  {
                    "kind": "TypeNominal",
                    "name": "IndexingIterator",
                    "printedName": "Swift.IndexingIterator<[τ_0_0]>",
                    "children": [
                      {
                        "kind": "TypeNominal",
                        "name": "Array",
                        "printedName": "[τ_0_0]",
                        "children": [
                          {
                            "kind": "TypeNominal",
                            "name": "GenericTypeParam",
                            "printedName": "τ_0_0"
                          }
                        ],
                        "usr": "s:Sa"
                      }
                    ],
                    "usr": "s:s16IndexingIteratorV"
                  }
                ]
              }
            ],
            "usr": "s:ST",
            "mangledName": "$sST"
          },
          {
            "kind": "Conformance",
            "name": "ExpressibleByArrayLiteral",
            "printedName": "ExpressibleByArrayLiteral",
            "children": [
              {
                "kind": "TypeWitness",
                "name": "ArrayLiteralElement",
                "printedName": "ArrayLiteralElement",
                "children": [
                  {
                    "kind": "TypeNominal",
                    "name": "GenericTypeParam",
                    "printedName": "τ_0_0"
                  }
                ]
              }
            ],
            "usr": "s:s25ExpressibleByArrayLiteralP",
            "mangledName": "$ss25ExpressibleByArrayLiteralP"
          },
          {
            "kind": "Conformance",
            "name": "RangeReplaceableCollection",
            "printedName": "RangeReplaceableCollection",
            "children": [
              {
                "kind": "TypeWitness",
                "name": "SubSequence",
                "printedName": "SubSequence",
                "children": [
                  {
                    "kind": "TypeNominal",
                    "name": "ArraySlice",
                    "printedName": "Swift.ArraySlice<τ_0_0>",
                    "children": [
                      {
                        "kind": "TypeNominal",
                        "name": "GenericTypeParam",
                        "printedName": "τ_0_0"
                      }
                    ],
                    "usr": "s:s10ArraySliceV"
                  }
                ]
              }
            ],
            "usr": "s:Sm",
            "mangledName": "$sSm"
          },
          {
            "kind": "Conformance",
            "name": "CustomReflectable",
            "printedName": "CustomReflectable",
            "usr": "s:s17CustomReflectableP",
            "mangledName": "$ss17CustomReflectableP"
          },
          {
            "kind": "Conformance",
            "name": "CustomStringConvertible",
            "printedName": "CustomStringConvertible",
            "usr": "s:s23CustomStringConvertibleP",
            "mangledName": "$ss23CustomStringConvertibleP"
          },
          {
            "kind": "Conformance",
            "name": "CustomDebugStringConvertible",
            "printedName": "CustomDebugStringConvertible",
            "usr": "s:s28CustomDebugStringConvertibleP",
            "mangledName": "$ss28CustomDebugStringConvertibleP"
          },
          {
            "kind": "Conformance",
            "name": "Equatable",
            "printedName": "Equatable",
            "usr": "s:SQ",
            "mangledName": "$sSQ"
          },
          {
            "kind": "Conformance",
            "name": "Hashable",
            "printedName": "Hashable",
            "usr": "s:SH",
            "mangledName": "$sSH"
          },
          {
            "kind": "Conformance",
            "name": "_HasCustomAnyHashableRepresentation",
            "printedName": "_HasCustomAnyHashableRepresentation",
            "usr": "s:s35_HasCustomAnyHashableRepresentationP",
            "mangledName": "$ss35_HasCustomAnyHashableRepresentationP"
          },
          {
            "kind": "Conformance",
            "name": "Sendable",
            "printedName": "Sendable",
            "usr": "s:s8SendableP",
            "mangledName": "$ss8SendableP"
          },
          {
            "kind": "Conformance",
            "name": "Encodable",
            "printedName": "Encodable",
            "usr": "s:SE",
            "mangledName": "$sSE"
          },
          {
            "kind": "Conformance",
            "name": "Decodable",
            "printedName": "Decodable",
            "usr": "s:Se",
            "mangledName": "$sSe"
          },
          {
            "kind": "Conformance",
            "name": "_HasContiguousBytes",
            "printedName": "_HasContiguousBytes",
            "usr": "s:s19_HasContiguousBytesP",
            "mangledName": "$ss19_HasContiguousBytesP"
          },
          {
            "kind": "Conformance",
            "name": "_ObjectiveCBridgeable",
            "printedName": "_ObjectiveCBridgeable",
            "children": [
              {
                "kind": "TypeWitness",
                "name": "_ObjectiveCType",
                "printedName": "_ObjectiveCType",
                "children": [
                  {
                    "kind": "TypeNominal",
                    "name": "NSArray",
                    "printedName": "Foundation.NSArray",
                    "usr": "c:objc(cs)NSArray"
                  }
                ]
              }
            ],
            "usr": "s:s21_ObjectiveCBridgeableP",
            "mangledName": "$ss21_ObjectiveCBridgeableP"
          },
          {
            "kind": "Conformance",
            "name": "CVarArg",
            "printedName": "CVarArg",
            "usr": "s:s7CVarArgP",
            "mangledName": "$ss7CVarArgP"
          },
          {
            "kind": "Conformance",
            "name": "ContiguousBytes",
            "printedName": "ContiguousBytes",
            "usr": "s:10Foundation15ContiguousBytesP",
            "mangledName": "$s10Foundation15ContiguousBytesP"
          },
          {
            "kind": "Conformance",
            "name": "EncodableWithConfiguration",
            "printedName": "EncodableWithConfiguration",
            "children": [
              {
                "kind": "TypeWitness",
                "name": "EncodingConfiguration",
                "printedName": "EncodingConfiguration",
                "children": [
                  {
                    "kind": "TypeNominal",
                    "name": "DependentMember",
                    "printedName": "τ_0_0.EncodingConfiguration"
                  }
                ]
              }
            ],
            "usr": "s:10Foundation26EncodableWithConfigurationP",
            "mangledName": "$s10Foundation26EncodableWithConfigurationP"
          },
          {
            "kind": "Conformance",
            "name": "DecodableWithConfiguration",
            "printedName": "DecodableWithConfiguration",
            "children": [
              {
                "kind": "TypeWitness",
                "name": "DecodingConfiguration",
                "printedName": "DecodingConfiguration",
                "children": [
                  {
                    "kind": "TypeNominal",
                    "name": "DependentMember",
                    "printedName": "τ_0_0.DecodingConfiguration"
                  }
                ]
              }
            ],
            "usr": "s:10Foundation26DecodableWithConfigurationP",
            "mangledName": "$s10Foundation26DecodableWithConfigurationP"
          },
          {
            "kind": "Conformance",
            "name": "DataProtocol",
            "printedName": "DataProtocol",
            "children": [
              {
                "kind": "TypeWitness",
                "name": "Regions",
                "printedName": "Regions",
                "children": [
                  {
                    "kind": "TypeNominal",
                    "name": "CollectionOfOne",
                    "printedName": "Swift.CollectionOfOne<[Swift.UInt8]>",
                    "children": [
                      {
                        "kind": "TypeNominal",
                        "name": "Array",
                        "printedName": "[Swift.UInt8]",
                        "children": [
                          {
                            "kind": "TypeNominal",
                            "name": "UInt8",
                            "printedName": "Swift.UInt8",
                            "usr": "s:s5UInt8V"
                          }
                        ],
                        "usr": "s:Sa"
                      }
                    ],
                    "usr": "s:s15CollectionOfOneV"
                  }
                ]
              }
            ],
            "usr": "s:10Foundation12DataProtocolP",
            "mangledName": "$s10Foundation12DataProtocolP"
          },
          {
            "kind": "Conformance",
            "name": "MutableDataProtocol",
            "printedName": "MutableDataProtocol",
            "usr": "s:10Foundation19MutableDataProtocolP",
            "mangledName": "$s10Foundation19MutableDataProtocolP"
          }
        ]
      }
    ],
    "json_format_version": 8
  },
  "ConstValues": [
    {
      "filePath": "\/tmp\/IPDetector\/IPDetector\/Classes\/Extensions.swift",
      "kind": "IntegerLiteral",
      "offset": 674,
      "length": 1,
      "value": "0"
    },
    {
      "filePath": "\/tmp\/IPDetector\/IPDetector\/Classes\/Extensions.swift",
      "kind": "IntegerLiteral",
      "offset": 968,
      "length": 1,
      "value": "0"
    },
    {
      "filePath": "\/tmp\/IPDetector\/IPDetector\/Classes\/Extensions.swift",
      "kind": "BooleanLiteral",
      "offset": 1255,
      "length": 4,
      "value": "true"
    },
    {
      "filePath": "\/tmp\/IPDetector\/IPDetector\/Classes\/Extensions.swift",
      "kind": "IntegerLiteral",
      "offset": 1550,
      "length": 1,
      "value": "0"
    },
    {
      "filePath": "\/tmp\/IPDetector\/IPDetector\/Classes\/Extensions.swift",
      "kind": "IntegerLiteral",
      "offset": 1615,
      "length": 1,
      "value": "8"
    },
    {
      "filePath": "\/tmp\/IPDetector\/IPDetector\/Classes\/Extensions.swift",
      "kind": "IntegerLiteral",
      "offset": 1810,
      "length": 1,
      "value": "0"
    },
    {
      "filePath": "\/tmp\/IPDetector\/IPDetector\/Classes\/Extensions.swift",
      "kind": "Array",
      "offset": 1974,
      "length": 2,
      "value": "[]"
    },
    {
      "filePath": "\/tmp\/IPDetector\/IPDetector\/Classes\/Extensions.swift",
      "kind": "IntegerLiteral",
      "offset": 2057,
      "length": 1,
      "value": "0"
    },
    {
      "filePath": "\/tmp\/IPDetector\/IPDetector\/Classes\/Extensions.swift",
      "kind": "IntegerLiteral",
      "offset": 2452,
      "length": 1,
      "value": "0"
    },
    {
      "filePath": "\/tmp\/IPDetector\/IPDetector\/Classes\/Extensions.swift",
      "kind": "IntegerLiteral",
      "offset": 2555,
      "length": 1,
      "value": "0"
    },
    {
      "filePath": "\/tmp\/IPDetector\/IPDetector\/Classes\/Extensions.swift",
      "kind": "Array",
      "offset": 2802,
      "length": 2,
      "value": "[]"
    },
    {
      "filePath": "\/tmp\/IPDetector\/IPDetector\/Classes\/Extensions.swift",
      "kind": "IntegerLiteral",
      "offset": 2847,
      "length": 1,
      "value": "0"
    },
    {
      "filePath": "\/tmp\/IPDetector\/IPDetector\/Classes\/Extensions.swift",
      "kind": "IntegerLiteral",
      "offset": 2897,
      "length": 4,
      "value": "0xFF"
    },
    {
      "filePath": "\/tmp\/IPDetector\/IPDetector\/Classes\/Extensions.swift",
      "kind": "IntegerLiteral",
      "offset": 2933,
      "length": 1,
      "value": "8"
    },
    {
      "filePath": "\/tmp\/IPDetector\/IPDetector\/Classes\/IPDetector.swift",
      "kind": "StringLiteral",
      "offset": 114,
      "length": 12,
      "value": "\"IPDetector\""
    },
    {
      "filePath": "\/tmp\/IPDetector\/IPDetector\/Classes\/IPDetector.swift",
      "kind": "IntegerLiteral",
      "offset": 512,
      "length": 2,
      "value": "10"
    },
    {
      "filePath": "\/tmp\/IPDetector\/IPDetector\/Classes\/IPDetector.swift",
      "kind": "IntegerLiteral",
      "offset": 548,
      "length": 1,
      "value": "2"
    },
    {
      "filePath": "\/tmp\/IPDetector\/IPDetector\/Classes\/IPDetector.swift",
      "kind": "StringLiteral",
      "offset": 1424,
      "length": 12,
      "value": "\"IPDetector\""
    },
    {
      "filePath": "\/tmp\/IPDetector\/IPDetector\/Classes\/IPDetector.swift",
      "kind": "StringLiteral",
      "offset": 1575,
      "length": 35,
      "value": "\"IP Detect Wating Response Timeout\""
    },
    {
      "filePath": "\/tmp\/IPDetector\/IPDetector\/Classes\/IPDetector.swift",
      "kind": "StringLiteral",
      "offset": 2447,
      "length": 20,
      "value": "\"can not parse data\""
    },
    {
      "filePath": "\/tmp\/IPDetector\/IPDetector\/Classes\/IPDetector.swift",
      "kind": "IntegerLiteral",
      "offset": 2757,
      "length": 1,
      "value": "1"
    },
    {
      "filePath": "\/tmp\/IPDetector\/IPDetector\/Classes\/IPDetector.swift",
      "kind": "StringLiteral",
      "offset": 2782,
      "length": 40,
      "value": "\"get ip address more than one: \""
    },
    {
      "filePath": "\/tmp\/IPDetector\/IPDetector\/Classes\/IPDetector.swift",
      "kind": "StringLiteral",
      "offset": 2821,
      "length": 2,
      "value": "\"\""
    },
    {
      "filePath": "\/tmp\/IPDetector\/IPDetector\/Classes\/IPDetector.swift",
      "kind": "StringLiteral",
      "offset": 2898,
      "length": 32,
      "value": "\"get ip address use first \""
    },
    {
      "filePath": "\/tmp\/IPDetector\/IPDetector\/Classes\/IPDetector.swift",
      "kind": "StringLiteral",
      "offset": 2929,
      "length": 2,
      "value": "\"\""
    },
    {
      "filePath": "\/tmp\/IPDetector\/IPDetector\/Classes\/IPDetector.swift",
      "kind": "StringLiteral",
      "offset": 3000,
      "length": 21,
      "value": "\"get ip address none\""
    },
    {
      "filePath": "\/tmp\/IPDetector\/IPDetector\/Classes\/MessageAttribute.swift",
      "kind": "IntegerLiteral",
      "offset": 724,
      "length": 1,
      "value": "0"
    },
    {
      "filePath": "\/tmp\/IPDetector\/IPDetector\/Classes\/MessageAttribute.swift",
      "kind": "IntegerLiteral",
      "offset": 764,
      "length": 1,
      "value": "2"
    },
    {
      "filePath": "\/tmp\/IPDetector\/IPDetector\/Classes\/MessageAttribute.swift",
      "kind": "IntegerLiteral",
      "offset": 803,
      "length": 1,
      "value": "4"
    },
    {
      "filePath": "\/tmp\/IPDetector\/IPDetector\/Classes\/MessageAttribute.swift",
      "kind": "IntegerLiteral",
      "offset": 847,
      "length": 1,
      "value": "4"
    },
    {
      "filePath": "\/tmp\/IPDetector\/IPDetector\/Classes\/MessageAttribute.swift",
      "kind": "StringLiteral",
      "offset": 945,
      "length": 17,
      "value": "\"Not Implemented\""
    },
    {
      "filePath": "\/tmp\/IPDetector\/IPDetector\/Classes\/MessageAttribute.swift",
      "kind": "BooleanLiteral",
      "offset": 1242,
      "length": 4,
      "value": "true"
    },
    {
      "filePath": "\/tmp\/IPDetector\/IPDetector\/Classes\/MessageAttribute.swift",
      "kind": "BooleanLiteral",
      "offset": 1364,
      "length": 4,
      "value": "true"
    },
    {
      "filePath": "\/tmp\/IPDetector\/IPDetector\/Classes\/MessageAttribute.swift",
      "kind": "BooleanLiteral",
      "offset": 1394,
      "length": 5,
      "value": "false"
    },
    {
      "filePath": "\/tmp\/IPDetector\/IPDetector\/Classes\/MessageAttribute.swift",
      "kind": "BooleanLiteral",
      "offset": 2038,
      "length": 5,
      "value": "false"
    },
    {
      "filePath": "\/tmp\/IPDetector\/IPDetector\/Classes\/MessageAttribute.swift",
      "kind": "IntegerLiteral",
      "offset": 2092,
      "length": 1,
      "value": "4"
    },
    {
      "filePath": "\/tmp\/IPDetector\/IPDetector\/Classes\/MessageAttribute.swift",
      "kind": "StringLiteral",
      "offset": 2381,
      "length": 17,
      "value": "\"Not Implemented\""
    },
    {
      "filePath": "\/tmp\/IPDetector\/IPDetector\/Classes\/MessageAttribute.swift",
      "kind": "IntegerLiteral",
      "offset": 3177,
      "length": 4,
      "value": "0x01"
    },
    {
      "filePath": "\/tmp\/IPDetector\/IPDetector\/Classes\/MessageAttribute.swift",
      "kind": "IntegerLiteral",
      "offset": 3200,
      "length": 4,
      "value": "0x02"
    },
    {
      "filePath": "\/tmp\/IPDetector\/IPDetector\/Classes\/MessageAttribute.swift",
      "kind": "IntegerLiteral",
      "offset": 3177,
      "length": 4,
      "value": "0x01"
    },
    {
      "filePath": "\/tmp\/IPDetector\/IPDetector\/Classes\/MessageAttribute.swift",
      "kind": "IntegerLiteral",
      "offset": 3200,
      "length": 4,
      "value": "0x02"
    },
    {
      "filePath": "\/tmp\/IPDetector\/IPDetector\/Classes\/MessageAttribute.swift",
      "kind": "IntegerLiteral",
      "offset": 3177,
      "length": 4,
      "value": "0x01"
    },
    {
      "filePath": "\/tmp\/IPDetector\/IPDetector\/Classes\/MessageAttribute.swift",
      "kind": "IntegerLiteral",
      "offset": 3200,
      "length": 4,
      "value": "0x02"
    },
    {
      "filePath": "\/tmp\/IPDetector\/IPDetector\/Classes\/MessageAttribute.swift",
      "kind": "StringLiteral",
      "offset": 3307,
      "length": 2,
      "value": "\"\""
    },
    {
      "filePath": "\/tmp\/IPDetector\/IPDetector\/Classes\/MessageAttribute.swift",
      "kind": "IntegerLiteral",
      "offset": 3350,
      "length": 1,
      "value": "0"
    },
    {
      "filePath": "\/tmp\/IPDetector\/IPDetector\/Classes\/MessageAttribute.swift",
      "kind": "IntegerLiteral",
      "offset": 3393,
      "length": 1,
      "value": "1"
    },
    {
      "filePath": "\/tmp\/IPDetector\/IPDetector\/Classes\/MessageAttribute.swift",
      "kind": "IntegerLiteral",
      "offset": 3438,
      "length": 1,
      "value": "1"
    },
    {
      "filePath": "\/tmp\/IPDetector\/IPDetector\/Classes\/MessageAttribute.swift",
      "kind": "IntegerLiteral",
      "offset": 3481,
      "length": 1,
      "value": "2"
    },
    {
      "filePath": "\/tmp\/IPDetector\/IPDetector\/Classes\/MessageAttribute.swift",
      "kind": "Array",
      "offset": 3555,
      "length": 12,
      "value": "[0x00, 0x01]"
    },
    {
      "filePath": "\/tmp\/IPDetector\/IPDetector\/Classes\/MessageAttribute.swift",
      "kind": "BooleanLiteral",
      "offset": 4440,
      "length": 5,
      "value": "false"
    },
    {
      "filePath": "\/tmp\/IPDetector\/IPDetector\/Classes\/MessageAttribute.swift",
      "kind": "IntegerLiteral",
      "offset": 5203,
      "length": 1,
      "value": "4"
    },
    {
      "filePath": "\/tmp\/IPDetector\/IPDetector\/Classes\/MessageAttribute.swift",
      "kind": "StringLiteral",
      "offset": 5266,
      "length": 2,
      "value": "\"\""
    },
    {
      "filePath": "\/tmp\/IPDetector\/IPDetector\/Classes\/MessageAttribute.swift",
      "kind": "StringLiteral",
      "offset": 5303,
      "length": 49,
      "value": "\"\""
    },
    {
      "filePath": "\/tmp\/IPDetector\/IPDetector\/Classes\/MessageAttribute.swift",
      "kind": "IntegerLiteral",
      "offset": 5312,
      "length": 1,
      "value": "0"
    },
    {
      "filePath": "\/tmp\/IPDetector\/IPDetector\/Classes\/MessageAttribute.swift",
      "kind": "StringLiteral",
      "offset": 5315,
      "length": 1,
      "value": "\".\""
    },
    {
      "filePath": "\/tmp\/IPDetector\/IPDetector\/Classes\/MessageAttribute.swift",
      "kind": "IntegerLiteral",
      "offset": 5324,
      "length": 1,
      "value": "1"
    },
    {
      "filePath": "\/tmp\/IPDetector\/IPDetector\/Classes\/MessageAttribute.swift",
      "kind": "StringLiteral",
      "offset": 5327,
      "length": 1,
      "value": "\".\""
    },
    {
      "filePath": "\/tmp\/IPDetector\/IPDetector\/Classes\/MessageAttribute.swift",
      "kind": "IntegerLiteral",
      "offset": 5336,
      "length": 1,
      "value": "2"
    },
    {
      "filePath": "\/tmp\/IPDetector\/IPDetector\/Classes\/MessageAttribute.swift",
      "kind": "StringLiteral",
      "offset": 5339,
      "length": 1,
      "value": "\".\""
    },
    {
      "filePath": "\/tmp\/IPDetector\/IPDetector\/Classes\/MessageAttribute.swift",
      "kind": "IntegerLiteral",
      "offset": 5348,
      "length": 1,
      "value": "3"
    },
    {
      "filePath": "\/tmp\/IPDetector\/IPDetector\/Classes\/MessageAttribute.swift",
      "kind": "StringLiteral",
      "offset": 5351,
      "length": 1,
      "value": "\"\""
    },
    {
      "filePath": "\/tmp\/IPDetector\/IPDetector\/Classes\/MessageAttribute.swift",
      "kind": "IntegerLiteral",
      "offset": 5448,
      "length": 2,
      "value": "16"
    },
    {
      "filePath": "\/tmp\/IPDetector\/IPDetector\/Classes\/MessageAttribute.swift",
      "kind": "StringLiteral",
      "offset": 5512,
      "length": 2,
      "value": "\"\""
    },
    {
      "filePath": "\/tmp\/IPDetector\/IPDetector\/Classes\/MessageAttribute.swift",
      "kind": "StringLiteral",
      "offset": 5551,
      "length": 2,
      "value": "\"\""
    },
    {
      "filePath": "\/tmp\/IPDetector\/IPDetector\/Classes\/MessageAttribute.swift",
      "kind": "IntegerLiteral",
      "offset": 5571,
      "length": 1,
      "value": "0"
    },
    {
      "filePath": "\/tmp\/IPDetector\/IPDetector\/Classes\/MessageAttribute.swift",
      "kind": "IntegerLiteral",
      "offset": 5603,
      "length": 1,
      "value": "0"
    },
    {
      "filePath": "\/tmp\/IPDetector\/IPDetector\/Classes\/MessageAttribute.swift",
      "kind": "IntegerLiteral",
      "offset": 5610,
      "length": 1,
      "value": "2"
    },
    {
      "filePath": "\/tmp\/IPDetector\/IPDetector\/Classes\/MessageAttribute.swift",
      "kind": "IntegerLiteral",
      "offset": 5615,
      "length": 1,
      "value": "0"
    },
    {
      "filePath": "\/tmp\/IPDetector\/IPDetector\/Classes\/MessageAttribute.swift",
      "kind": "StringLiteral",
      "offset": 5641,
      "length": 4,
      "value": "\"::\""
    },
    {
      "filePath": "\/tmp\/IPDetector\/IPDetector\/Classes\/MessageAttribute.swift",
      "kind": "StringLiteral",
      "offset": 5693,
      "length": 6,
      "value": "\"%02x\""
    },
    {
      "filePath": "\/tmp\/IPDetector\/IPDetector\/Classes\/MessageAttribute.swift",
      "kind": "StringLiteral",
      "offset": 3093,
      "length": 22,
      "value": "\"IPDetectTool.MappedAddressAttribute\""
    },
    {
      "filePath": "\/tmp\/IPDetector\/IPDetector\/Classes\/MessageAttribute.swift",
      "kind": "Array",
      "offset": 6369,
      "length": 12,
      "value": "[0x00, 0x20]"
    },
    {
      "filePath": "\/tmp\/IPDetector\/IPDetector\/Classes\/MessageAttribute.swift",
      "kind": "Array",
      "offset": 6463,
      "length": 12,
      "value": "[0x80, 0x20]"
    },
    {
      "filePath": "\/tmp\/IPDetector\/IPDetector\/Classes\/MessageAttribute.swift",
      "kind": "BooleanLiteral",
      "offset": 6587,
      "length": 4,
      "value": "true"
    },
    {
      "filePath": "\/tmp\/IPDetector\/IPDetector\/Classes\/MessageAttribute.swift",
      "kind": "Array",
      "offset": 6904,
      "length": 2,
      "value": "[]"
    },
    {
      "filePath": "\/tmp\/IPDetector\/IPDetector\/Classes\/MessageAttribute.swift",
      "kind": "IntegerLiteral",
      "offset": 7106,
      "length": 1,
      "value": "4"
    },
    {
      "filePath": "\/tmp\/IPDetector\/IPDetector\/Classes\/MessageAttribute.swift",
      "kind": "Array",
      "offset": 7322,
      "length": 2,
      "value": "[]"
    },
    {
      "filePath": "\/tmp\/IPDetector\/IPDetector\/Classes\/ProtocolMessage.swift",
      "kind": "IntegerLiteral",
      "offset": 1636,
      "length": 4,
      "value": "0b00"
    },
    {
      "filePath": "\/tmp\/IPDetector\/IPDetector\/Classes\/ProtocolMessage.swift",
      "kind": "IntegerLiteral",
      "offset": 1667,
      "length": 4,
      "value": "0b10"
    },
    {
      "filePath": "\/tmp\/IPDetector\/IPDetector\/Classes\/ProtocolMessage.swift",
      "kind": "IntegerLiteral",
      "offset": 1697,
      "length": 4,
      "value": "0b11"
    },
    {
      "filePath": "\/tmp\/IPDetector\/IPDetector\/Classes\/ProtocolMessage.swift",
      "kind": "IntegerLiteral",
      "offset": 1636,
      "length": 4,
      "value": "0b00"
    },
    {
      "filePath": "\/tmp\/IPDetector\/IPDetector\/Classes\/ProtocolMessage.swift",
      "kind": "IntegerLiteral",
      "offset": 1667,
      "length": 4,
      "value": "0b10"
    },
    {
      "filePath": "\/tmp\/IPDetector\/IPDetector\/Classes\/ProtocolMessage.swift",
      "kind": "IntegerLiteral",
      "offset": 1697,
      "length": 4,
      "value": "0b11"
    },
    {
      "filePath": "\/tmp\/IPDetector\/IPDetector\/Classes\/ProtocolMessage.swift",
      "kind": "IntegerLiteral",
      "offset": 1636,
      "length": 4,
      "value": "0b00"
    },
    {
      "filePath": "\/tmp\/IPDetector\/IPDetector\/Classes\/ProtocolMessage.swift",
      "kind": "IntegerLiteral",
      "offset": 1667,
      "length": 4,
      "value": "0b10"
    },
    {
      "filePath": "\/tmp\/IPDetector\/IPDetector\/Classes\/ProtocolMessage.swift",
      "kind": "IntegerLiteral",
      "offset": 1697,
      "length": 4,
      "value": "0b11"
    },
    {
      "filePath": "\/tmp\/IPDetector\/IPDetector\/Classes\/ProtocolMessage.swift",
      "kind": "IntegerLiteral",
      "offset": 1754,
      "length": 5,
      "value": "0x001"
    },
    {
      "filePath": "\/tmp\/IPDetector\/IPDetector\/Classes\/ProtocolMessage.swift",
      "kind": "IntegerLiteral",
      "offset": 1754,
      "length": 5,
      "value": "0x001"
    },
    {
      "filePath": "\/tmp\/IPDetector\/IPDetector\/Classes\/ProtocolMessage.swift",
      "kind": "IntegerLiteral",
      "offset": 1754,
      "length": 5,
      "value": "0x001"
    },
    {
      "filePath": "\/tmp\/IPDetector\/IPDetector\/Classes\/ProtocolMessage.swift",
      "kind": "Array",
      "offset": 1825,
      "length": 24,
      "value": "[0x21, 0x12, 0xA4, 0x42]"
    },
    {
      "filePath": "\/tmp\/IPDetector\/IPDetector\/Classes\/ProtocolMessage.swift",
      "kind": "Array",
      "offset": 1892,
      "length": 6,
      "value": "[0, 0]"
    },
    {
      "filePath": "\/tmp\/IPDetector\/IPDetector\/Classes\/ProtocolMessage.swift",
      "kind": "Array",
      "offset": 1942,
      "length": 6,
      "value": "[0, 0]"
    },
    {
      "filePath": "\/tmp\/IPDetector\/IPDetector\/Classes\/ProtocolMessage.swift",
      "kind": "Array",
      "offset": 2069,
      "length": 36,
      "value": "[0, 0, 0, 0, 0, 0, 0, 0, 0, 0, 0, 0]"
    },
    {
      "filePath": "\/tmp\/IPDetector\/IPDetector\/Classes\/ProtocolMessage.swift",
      "kind": "Array",
      "offset": 2161,
      "length": 2,
      "value": "[]"
    },
    {
      "filePath": "\/tmp\/IPDetector\/IPDetector\/Classes\/ProtocolMessage.swift",
      "kind": "IntegerLiteral",
      "offset": 2353,
      "length": 2,
      "value": "20"
    },
    {
      "filePath": "\/tmp\/IPDetector\/IPDetector\/Classes\/ProtocolMessage.swift",
      "kind": "BooleanLiteral",
      "offset": 2992,
      "length": 5,
      "value": "false"
    },
    {
      "filePath": "\/tmp\/IPDetector\/IPDetector\/Classes\/ProtocolMessage.swift",
      "kind": "IntegerLiteral",
      "offset": 3825,
      "length": 1,
      "value": "0"
    },
    {
      "filePath": "\/tmp\/IPDetector\/IPDetector\/Classes\/ProtocolMessage.swift",
      "kind": "IntegerLiteral",
      "offset": 3885,
      "length": 1,
      "value": "0"
    },
    {
      "filePath": "\/tmp\/IPDetector\/IPDetector\/Classes\/ProtocolMessage.swift",
      "kind": "IntegerLiteral",
      "offset": 3889,
      "length": 4,
      "value": "0xFF"
    },
    {
      "filePath": "\/tmp\/IPDetector\/IPDetector\/Classes\/ProtocolMessage.swift",
      "kind": "IntegerLiteral",
      "offset": 4057,
      "length": 4,
      "value": "0x0F"
    },
    {
      "filePath": "\/tmp\/IPDetector\/IPDetector\/Classes\/ProtocolMessage.swift",
      "kind": "IntegerLiteral",
      "offset": 4105,
      "length": 4,
      "value": "0x70"
    },
    {
      "filePath": "\/tmp\/IPDetector\/IPDetector\/Classes\/ProtocolMessage.swift",
      "kind": "IntegerLiteral",
      "offset": 4114,
      "length": 1,
      "value": "4"
    },
    {
      "filePath": "\/tmp\/IPDetector\/IPDetector\/Classes\/ProtocolMessage.swift",
      "kind": "IntegerLiteral",
      "offset": 4160,
      "length": 6,
      "value": "0x0F80"
    },
    {
      "filePath": "\/tmp\/IPDetector\/IPDetector\/Classes\/ProtocolMessage.swift",
      "kind": "IntegerLiteral",
      "offset": 4171,
      "length": 1,
      "value": "7"
    },
    {
      "filePath": "\/tmp\/IPDetector\/IPDetector\/Classes\/ProtocolMessage.swift",
      "kind": "IntegerLiteral",
      "offset": 4211,
      "length": 4,
      "value": "0x01"
    },
    {
      "filePath": "\/tmp\/IPDetector\/IPDetector\/Classes\/ProtocolMessage.swift",
      "kind": "IntegerLiteral",
      "offset": 4254,
      "length": 4,
      "value": "0x02"
    },
    {
      "filePath": "\/tmp\/IPDetector\/IPDetector\/Classes\/ProtocolMessage.swift",
      "kind": "IntegerLiteral",
      "offset": 4301,
      "length": 1,
      "value": "4"
    },
    {
      "filePath": "\/tmp\/IPDetector\/IPDetector\/Classes\/ProtocolMessage.swift",
      "kind": "IntegerLiteral",
      "offset": 4316,
      "length": 1,
      "value": "5"
    },
    {
      "filePath": "\/tmp\/IPDetector\/IPDetector\/Classes\/ProtocolMessage.swift",
      "kind": "IntegerLiteral",
      "offset": 4354,
      "length": 1,
      "value": "1"
    },
    {
      "filePath": "\/tmp\/IPDetector\/IPDetector\/Classes\/ProtocolMessage.swift",
      "kind": "IntegerLiteral",
      "offset": 4375,
      "length": 1,
      "value": "0"
    },
    {
      "filePath": "\/tmp\/IPDetector\/IPDetector\/Classes\/ProtocolMessage.swift",
      "kind": "IntegerLiteral",
      "offset": 4410,
      "length": 1,
      "value": "1"
    },
    {
      "filePath": "\/tmp\/IPDetector\/IPDetector\/Classes\/ProtocolMessage.swift",
      "kind": "IntegerLiteral",
      "offset": 4561,
      "length": 1,
      "value": "1"
    },
    {
      "filePath": "\/tmp\/IPDetector\/IPDetector\/Classes\/ProtocolMessage.swift",
      "kind": "IntegerLiteral",
      "offset": 4578,
      "length": 4,
      "value": "0xFF"
    },
    {
      "filePath": "\/tmp\/IPDetector\/IPDetector\/Classes\/ProtocolMessage.swift",
      "kind": "IntegerLiteral",
      "offset": 4608,
      "length": 1,
      "value": "0"
    },
    {
      "filePath": "\/tmp\/IPDetector\/IPDetector\/Classes\/ProtocolMessage.swift",
      "kind": "IntegerLiteral",
      "offset": 4626,
      "length": 6,
      "value": "0xFF00"
    },
    {
      "filePath": "\/tmp\/IPDetector\/IPDetector\/Classes\/ProtocolMessage.swift",
      "kind": "IntegerLiteral",
      "offset": 4637,
      "length": 1,
      "value": "8"
    },
    {
      "filePath": "\/tmp\/IPDetector\/IPDetector\/Classes\/SocketMan.swift",
      "kind": "BooleanLiteral",
      "offset": 663,
      "length": 5,
      "value": "false"
    },
    {
      "filePath": "\/tmp\/IPDetector\/IPDetector\/Classes\/SocketMan.swift",
      "kind": "IntegerLiteral",
      "offset": 880,
      "length": 1,
      "value": "0"
    },
    {
      "filePath": "\/tmp\/IPDetector\/IPDetector\/Classes\/SocketMan.swift",
      "kind": "IntegerLiteral",
      "offset": 1099,
      "length": 1,
      "value": "0"
    },
    {
      "filePath": "\/tmp\/IPDetector\/IPDetector\/Classes\/SocketMan.swift",
      "kind": "IntegerLiteral",
      "offset": 1121,
      "length": 1,
      "value": "0"
    },
    {
      "filePath": "\/tmp\/IPDetector\/IPDetector\/Classes\/SocketMan.swift",
      "kind": "StringLiteral",
      "offset": 2197,
      "length": 17,
      "value": "\"start send data\""
    },
    {
      "filePath": "\/tmp\/IPDetector\/IPDetector\/Classes\/SocketMan.swift",
      "kind": "StringLiteral",
      "offset": 2343,
      "length": 12,
      "value": "\"IPDetector\""
    },
    {
      "filePath": "\/tmp\/IPDetector\/IPDetector\/Classes\/SocketMan.swift",
      "kind": "IntegerLiteral",
      "offset": 2394,
      "length": 1,
      "value": "0"
    },
    {
      "filePath": "\/tmp\/IPDetector\/IPDetector\/Classes\/SocketMan.swift",
      "kind": "StringLiteral",
      "offset": 2596,
      "length": 12,
      "value": "\"IPDetector\""
    },
    {
      "filePath": "\/tmp\/IPDetector\/IPDetector\/Classes\/SocketMan.swift",
      "kind": "StringLiteral",
      "offset": 2754,
      "length": 26,
      "value": "\"Can not get ip from host\""
    },
    {
      "filePath": "\/tmp\/IPDetector\/IPDetector\/Classes\/SocketMan.swift",
      "kind": "IntegerLiteral",
      "offset": 2916,
      "length": 4,
      "value": "1000"
    },
    {
      "filePath": "\/tmp\/IPDetector\/IPDetector\/Classes\/SocketMan.swift",
      "kind": "StringLiteral",
      "offset": 2971,
      "length": 25,
      "value": "\"send data fail \""
    },
    {
      "filePath": "\/tmp\/IPDetector\/IPDetector\/Classes\/SocketMan.swift",
      "kind": "StringLiteral",
      "offset": 2995,
      "length": 2,
      "value": "\"\""
    },
    {
      "filePath": "\/tmp\/IPDetector\/IPDetector\/Classes\/SocketMan.swift",
      "kind": "IntegerLiteral",
      "offset": 3079,
      "length": 1,
      "value": "0"
    }
  ]
}